6916@H@SYARIKAT METAL INDUSTRIES OF MALAYSIA SDN. BHD.@5/12/1966@S@40, JALAN SS19/1D@NULL@NULL@SUBANG JAYA@B@47500
7169@A@CENTRAL CABLES BHD@6/6/1967@S@SUITE C-5-4, WISMA GOSHEN@JALAN PANTAI BAHARU@PLAZA PANTAI@KUALA LUMPUR@W@59200
7338@T@SYARIKAT OSMANIA LOGISTICS SDN. BHD.@23/8/1967@S@LOT 2,FIRST FLOOR@14 JALAN KEMUJA@BANGSAR UTAMA,KUALA LUMPUR@KUALA LUMPUR@W@59000
7634@W@KULITKRAF SDN BHD@13/2/1968@S@NO. 36A, JALAN DATUK SULAIMAN@TAMAN TUN DR ISMAIL@NULL@KUALA  LUMPUR@W@60000
19017@M@SYARIKAT HANG TUAH SDN. BHD.@20/7/1974@S@1ST FLOOR, 201 MACALISTER ROAD@NULL@NULL@GEORGETOWN@P@10450
20643@W@SYARIKAT WAHI & SONS SDN. BHD.@21/10/1974@S@2053-A,RM 1@BT 1 JALAN KAPAR@KLANG,SELANGOR.@KLANG@B@41400
27862@M@SYARIKAT NYAMAN SDN. BHD.@8/6/1976@S@NO.199,JALAN MACALISTER@NULL@NULL@PULAU PINANG@P@10450
28251@P@MALAYSIA TOWAGE AND TRANSPORT SDN. BHD.@13/7/1976@S@NO. 29-1-1A JALAN MEDAN PB 2B@SEKSYEN 9@NULL@BANDAR BARU BANGI@B@43650
28858@V@DESTINATION MARINE SERVICES SDN. BHD.@26/8/1976@S@7-1A, MEDAN BUKIT PERMAI 2@BLOK 3, TAMAN BUKIT PERMAI@CHERAS@KUALA LUMPUR@W@56100
30898@V@PAKATAN AKITEK SDN. BHD.@14/1/1977@S@SUITE 05-01 5TH FLOOR@WISMA TAN KIM SAN@NO 518A BATU 3 JALAN IPOH@KUALA LUMPUR@W@51200
34636@T@ELECTRO TECHNIC SDN.BHD.@1/9/1977@S@17-4-1, JALAN SEMARAK API 2@DIAMOND SQUARE@OFF JALAN GOMBAK@KUALA LUMPUR@W@53000
34680@A@MAHLIGAI KEKAL SDN. BHD.@26/7/1977@S@1ST & 2ND FLOOR@LOT 287 SECTION 8 KTLD@JALAN HAJI TAHA,KUCHING@KUCHING@E@93400
40736@D@SARATECH SDN. BHD.@31/5/1978@S@1ST FLOOR,LOT 332@JALAN RUBBER@NULL@KUCHING@E@93400
43811@W@KAF FUND MANAGEMENT SDN. BHD.@18/12/1978@S@LEVEL 14,CHULAN TOWER@NO.3,JALAN CONLAY@NULL@KUALA LUMPUR@W@50450
50151@D@JURUKUR SETIA SDN. BHD.@27/8/1979@S@NO 62-1, 1ST FLOOR@JALAN 2/23A, OFF JALAN GENTING KLANG@TAMAN DANAU KOTA, SETAPAK@KUALA LUMPUR@W@53300
53073@T@EXACT ENGINEERING SDN. BHD.@11/12/1979@S@SHOPLOT 46,1ST FLR@TMN MESRA,JALAN PENAMPANG@KOTA KINABALU,SABAH@KOTA KINABALU@S@88300
54554@V@ZIKAY GROUP SDN. BHD.@28/1/1980@S@ARAS 6, BANGUNAN ZIKAY@53, JALAN RAJA ALANG@KAMPUNG BARU@KUALA  LUMPUR@W@50300
54653@D@DEWINA FOOD INDUSTRIES SDN. BHD.@31/1/1980@S@NO. 16-1, FIRST FLOOR@JALAN 1/76D@DESA PANDAN@KUALA LUMPUR@W@55100
57053@A@HARTA MAINTENANCE SDN. BHD.@9/4/1980@S@NO 14,JALAN SBC 6@TAMAN SRI BATU CAVES@NULL@BATU CAVES@B@68100
57721@M@MISA SDN. BHD.@28/4/1980@S@40, JALAN SS19/1D@NULL@NULL@SUBANG JAYA@B@47500
73399@H@SYARIKAT KMZ SDN. BHD.@21/7/1981@S@B-03-10, GATEWAY CORPORATE SUITE@GATEWAY KIARAMAS@NO. 1, JALAN DESA KIARA, MONT' KIARA@KUALA LUMPUR@W@50480
73768@A@ISMACO SDN. BHD.@29/7/1981@S@LOTS 1789-1790,@BATU TIGA,@JALAN PENRISSEN,@KUCHING,@E@93250
79472@D@KUMPULAN SAKATA SENDIRIAN BERHAD@24/12/1981@S@LEVEL 08-05 PLAZA MASALAM@2 JALAN TENGKU AMPUAN ZEBEDAH E9/E@SHAH ALAM@SHAH ALAM@B@40100
79777@D@MAJIDEE (HOLDINGS) SDN. BHD.@4/1/1982@S@BANGUNAN MAJIDEE@NO 40A JALAN KEBUDAYAAN 6@TAMAN UNIVERSITI@JOHOR BAHRU@J@81300
81000@A@SENAJANG SDN. BHD.@11/2/1982@S@K-2, KAMPUNG TENGAH PANTAI@KIJAL@NULL@KEMAMAN@T@24100
81250@W@AHMAD ZAKI SDN. BHD.@17/2/1982@S@K-709,TAMAN MERPATI JAYA@JALAN AIR PUTIH@NULL@KEMAMAN@T@24000
83573@P@PANZANA ENTERPRISE SDN. BHD.@16/4/1982@S@11TH FLOOR, MENARA MANULIFE RB@JALAN GELENGGANG@DAMANSARA HEIGHTS@KUALA LUMPUR@W@50490
85602@M@DYNAC SDN. BHD.@31/5/1982@S@SUITE 5.11 & 5.12, 5TH FLOOR@MENARA TJB@NO. 9 JALAN SYED MOHD MUFTI@JOHOR BAHRU@J@80000
87269@T@A H T (NORLAN UNITED) & CARRIAGE SDN. BHD.@6/7/1982@S@#202,2ND FLOOR@111,JALAN BATAS BARU@NULL@KUALA TERENGGANU@T@20300
88144@M@SWIS RESOURCES SDN. BHD.@4/8/1982@S@28-38, JALAN SS 19/5@NULL@NULL@SUBANG JAYA@B@47500
88253@D@AIN MEDICARE SDN. BHD.@6/8/1982@S@JALAN 6/44@KAWASAN PERINDUSTRIAN@PENGJALAN CHEPA 2@KOTA BHARU@D@16100
88506@W@PERUSAHAAN AMBOS SDN. BHD.@12/8/1982@S@M3C/5,JALAN PANDAN INDAH 4/3A@PANDAN INDAH@K.LUMPUR@KUALA LUMPUR@W@55100
89547@D@JOHAWAKI SDN. BHD.@6/9/1982@S@WISMA JOHAWAKI, LOT 3669@JALAN BATU TIGA - SG BULOH@SEKSYEN U6@SHAH ALAM@B@40150
94223@T@MUTIARA MOTORS SDN. BHD.@13/12/1982@S@NO 23A,@JALAN PEMBANGUNAN OFF JALAN TAMPOI@TAMAN DESA RAHMAT@JOHOR BAHRU@J@81200
96207@D@OBYU REALTY SDN. BHD.@18/1/1983@S@7H-I,GROUND FLOOR,BAN HOCK ROAD@NULL@NULL@KUCHING@E@93100
96456@T@FIRST MARINE SERVICES (M) SDN. BHD.@21/1/1983@S@SUITE 23-05, 23RD FLOOR@MENARA ZURICH@NO. 15, JALAN DATO ABDULLAH TAHIR@JOHOR BAHRU@J@80300
98650@K@MEGAT AHMAD SHAHRANI SDN. BHD.@14/3/1983@S@NO. 25A, JALAN MEDAN IPOH 3@BANDAR BARU MEDAN IPOH@NULL@IPOH@A@31400
99036@W@GUMI ASLI ELEKTRIKAL SDN. BHD.@23/3/1983@S@43 & 45A & B@JALAN BATAI LAUT 5@KAW.16,TMN.INTAN,KLANG,SELANGOR@KLANG@B@41300
103470@H@PEMBINAAN MARWAN SDN. BERHAD@2/6/1983@S@NO.6 JALAN CANNING ESTATE@CANNING GARDEN@NULL@IPOH@A@31400
107844@T@GELIGA SLIPWAY SDN. BHD.@11/10/1983@S@LOT 1046,JALAN  TAMAN DESA AWANA@BUKIT KUANG@NULL@KEMAMAN@T@24000
107867@D@IK CHIN TRAVEL SERVICE (KUCHING) SDN BHD@12/10/1983@S@SUBLOT 17, GROUND FLOOR@PANOVEL COMMERCIAL CENTRE@JALAN SIMPANG TIGA@KUCHING@E@93300
109154@M@HMD AUTOMOBILE SDN. BHD.@2/11/1983@S@U0031,TINGKAT 1@JALAN OKK AWANG BESAR@P. O. BOX 81862@LABUAN@L@87028
110553@W@SERI PANCAR SDN.BHD.@24/11/1983@S@1ST.FLOOR,LOT 16@INTER BLOCK D@GRACE SQUARE 1,SEMBULAN,KOTA KINABALU.@KOTA KINABALU@S@88100
111371@A@NAZARIN (NBM) SDN. BHD.@8/12/1983@S@NO. 8A@JALAN MERU BESTARI A4@MEDAN MERU BESTARI@IPOH@A@30020
111721@W@PRONAS CONSTRUCTION SDN. BHD.@16/12/1983@S@NO. 33 TINGKAT 1@KOMPLEKS PERNIAGAAN SULTAN ABDUL HAMID@PERSIARAN SULTAN ABDUL HAMID@ALOR SETAR@K@5050
117964@P@ALS TECHNICHEM (MALAYSIA) SDN. BHD.@12/4/1984@S@SUITE 5.02, MERCU PICORP@LOT 10, JALAN ASTAKA U8/84@BUKIT JELUTONG@SHAH ALAM@B@40150
118148@X@MSET ENGINEERING CORPORATION SDN. BHD.@17/4/1984@S@KAWASAN PERINDUSTRIAN KERTEH@KERTEH@NULL@KEMAMAN@T@24300
119679@P@MITTI CABLES MFG. SDN.BHD.@16/5/1984@S@PLO 125,JALAN ANGKASAMAS UTAMA@PERINDUSTRIAN TEBRAU II@NULL@JOHOR BAHRU@J@81100
119800@M@MY BOOKSTORE SDN. BHD.@17/5/1984@S@NO.5,LOT 225,2ND FLOOR@JALAN GOLD JADE,OFF JALAN GREEN@KUCHING,SARAWAK@KUCHING@E@93150
123214@A@RAMLY FOOD PROCESSING SDN. BHD.@13/7/1984@S@NO:1-4 JALAN 37/10A@TAMAN PERINDUSTRIAN IKS@MUKIM BATU@KUALA LUMPUR@W@68100
124087@P@SYARIKAT KEJURUTERAAN KENALI SDN BHD@1/8/1984@S@LOT 268@PETAK 5, TINGKAT 2@JALAN SULTANAH ZAINAB@KOTA BHARU@D@15050
126032@D@SYSTEM PROTECTION & MAINTENANCE SDN.BHD.@28/8/1984@S@NO.19 JALAN KARTUNIS U1/47@TEMASYA IND.PARK@SHAH ALAM,SELANGOR.@SHAH ALAM@B@40150
126427@X@RAHIM & CO CHARTERED SURVEYORS (NS) SDN. BHD.@6/9/1984@S@LEVEL 17,MENARA UNI.ASIA@1008,JALAN SULTAN ISMAIL@KUALA LUMPUR@KUALA LUMPUR@W@50250
126457@T@ESSEM CORPORATION SDN. BHD.@6/9/1984@S@RM.106,82A,JALAN JEJAKA@TMN.MALURI,CHERAS@KUALA LUMPUR@KUALA LUMPUR@W@55100
127219@T@RANACO MARINE SDN BHD@21/9/1984@S@PT 11271,TINGKAT 1@JALAN KUBANG KURUS@TAMAN CUKAI UTAMA@KEMAMAN@T@24000
127488@P@ERAZOOM SDN. BHD.@25/9/1984@S@GROUND & 1ST FLOOR,LOT 350@SATOK PARADE,JALAN SATOK@NULL@KUCHING@E@93400
128700@W@S. N. AKMIDA HOLDINGS SDN. BHD.@11/10/1984@S@NO.16-1-1B, FIRST FLOOR@JALAN MEDAN PB 2A, SEKSYEN 9@PUSAT BANDAR BANGI, BDR BARU BANGI@BANGI@B@43650
129483@P@WADI SOFIA NOBLE ENTERPRISES SDN. BHD.@25/10/1984@S@LOT 577@SECTION TAMAN LIMAU MANIS@JALAN HAMZAH@KOTA BHARU@D@15050
131102@V@NORWEST HOLDINGS SDN BHD.@21/11/1984@S@NO 1A JALAN ASTAKA M U8/M@BUKIT JELUTONG@NULL@SHAH ALAM@B@40150
134722@T@AZMAN HAMZAH PLASTIK SDN. BHD.@4/2/1985@S@NO.30A, JALAN BRP 1/2@BUKIT RAHMAN PUTRA@NULL@SUNGAI BULOH@B@47000
135718@A@SAPURA MACHINING CORPORATION SDN. BHD.@25/2/1985@S@LOT 2 & 4,JALAN P/11@SEKSYEN 10@KAW.PERINDUSTRIAN BANGI,BDR BARU BANGI@BANDAR BARU BANGI@B@43650
135813@U@ANEKA BENA M.N. SDN BHD@26/2/1985@S@NO 2-9,JALAN PM3@PLAZA MAHKOTA@NULL@MELAKA@M@75000
137315@X@MUZAMAL INDUSTRIES SDN. BHD.@23/3/1985@S@NO. 19, JALAN 7/7C@SEKSYEN 7@NULL@BANDAR BARU BANGI@B@43650
138650@V@MAJULIA SDN.BHD.@17/4/1985@S@NO:38,JALAN TENGKU AMPUAN ZABEDAH 9/A@SEKSYEN 9@SHAH ALAM,SELANGOR@SHAH ALAM@B@40100
139653@V@MASAMA SDN BHD@13/5/1985@S@L8199,SEC.64,KTLD@1ST FL,TOWN EAST COMMERCIAL  CENTRE@JALAN PENDING@KUCHING@E@93450
141256@V@PAKARCOM SDN.BHD.@26/6/1985@S@15-1, JALAN 2/115A@TAMAN PAGAR RUYONG@JALAN KUCHAI LAMA@KUALA LUMPUR@W@58200
142359@A@SUTRACOM SDN BHD@18/7/1985@S@12-3, WISMA ABADI MAN NIEN@JALAN 3/109C@TMN ABADI INDAH,KUALA LUMPUR.@KUALA LUMPUR@W@58100
143679@W@HANITEK SDN. BHD.@16/8/1985@S@34G & 34-1, JALAN ARA 7/3B@BANDAR SRI DAMANSARA@NULL@KUALA LUMPUR@W@52200
145008@T@ASADRA (M) SDN BHD@20/9/1985@S@SUITE 1712,17TH FLOOR@PLAZA PERMATA@JALAN KAMPAR,KUALA LUMPUR@KUALA LUMPUR@W@50400
149136@M@SD CARD TECHNOLOGIES SDN. BHD.@2/1/1986@S@NO.1F,6TH FLR.@BLK.2,JALAN TINJU 13/50@SEC.13,SHAH ALAM,SELANGOR@SHAH ALAM@B@40675
158072@U@VERDE MOUNT CORPORATION SDN. BHD.@8/12/1986@S@PRIVATE LOT 21-383C, 1ST FLOOR@STAR POINT ANGLE COMMERCIAL CENTRE@JALAN STUTONG@KUCHING@E@93350
158204@V@KILANG BERAS MIHODA SDN.BHD.@12/12/1986@S@NO. 79-A-1, KOMPLEKS PERNIAGAAN@UTAMA, LEBUHRAYA SULTANAH BAHIYAH@NULL@ALOR SETAR@K@5350
169129@T@AUTOKEEN SDN. BHD.@12/3/1988@S@LOT PT 31563 (2790)@PERSIARAN ELEKTRON SEKSYEN U16@KAMPUNG MELAYU SUBANG@SHAH ALAM@B@40160
169560@V@ZARA FOODSTUFF INDUSTRIES SDN. BHD.@28/3/1988@S@SUITE 3.6, LEVEL 3@MENARA PELANGI@NO. 2, JALAN KUNING, TAMAN PELANGI@JOHOR BAHRU@J@80400
169768@D@PETRA JAYA PROPERTIES SDN. BHD.@5/4/1988@S@2ND FLOOR, MENARA ZECON@NO. 92, LOT 393, SECTION 5@KTLD, JALAN SATOK@KUCHING@E@93400
170903@U@PELANCONGAN MERDEKA SDN. BHD.@7/6/1988@S@SUBLOT 562-563,GROUND FL.@LOT 70,SECT 10,KTLD@LORONG RUBBER 6,@KUCHING@E@93400
172323@T@TRANSENE ENGINEERING SDN. BHD.@23/7/1988@S@LOT 1410, SECTION 66, KTLD@JALAN TENAGA@PENDING INDUSTRIAL ESTATE@KUCHING@E@93450
172962@D@PETRA RESOURCES SDN. BHD.@16/8/1988@S@SUITE 13.02,LEVEL 13@MENARA OBYU,4JALAN PJU 8/8A@BANDAR DAMANSARA PERDANA@PETALING JAYA@B@47820
174841@V@EV OILFIELD SUPPLY & SERVICES SDN. BHD.@12/10/1988@S@NO. 28-1 JALAN MELAKA RAYA 28@TAMAN MELAKA RAYA@NULL@MELAKA@M@75000
174956@P@SRI SEKAMAT ENTERPRISE SDN. BHD.@14/10/1988@S@TKT.1,BGN.DATO'MOHD SAID HJ.MAT SAMAN@LOT 4711@BT.12 3/4 JALAN CHERAS,KL@KAJANG@W@43000
175036@D@STRATEQ SDN. BHD.@17/10/1988@S@B-11-10, LEVEL 11@MEGAN AVENUE II@JALAN YAP KWAN SENG@KUALA  LUMPUR@W@50450
178577@K@GEGASAN SDN. BHD.@11/2/1989@S@LOT 845,BLOCK 7@TAMAN PERINDUSTRIAN DEMAK LAUT@JALAN BAKO,KUCHING@KUCHING@E@93050
179698@D@PERABOT MATANG SDN. BHD.@14/3/1989@S@NO.24-4-1,JALAN 4/50@DIAMOND SQUARE@OFF JALAN GOMBAK,KUALA LUMPUR@KUALA LUMPUR@W@53000
179804@M@SERVICE MASTER (M) SDN. BHD.@16/3/1989@S@42 JALAN 13/14@SEKSYEN 13@SHAH ALAM, SELANGOR@SHAH ALAM@B@40100
180398@P@JALEN SDN. BHD.@31/3/1989@S@LOT 3688@JALAN KEMPAS LAMA@KG SINARAN BARU@SKUDAI@J@81300
180553@X@HOMESTEAD WOOD INDUSTRIES SDN. BHD.@5/4/1989@S@LOT 906, JALAN GEMAS@NULL@NULL@TAMPIN@N@73000
181244@P@EAST COAST HOLIDAYS SDN. BHD.@20/4/1989@S@NO. 9, BANGUNANLKNP@JALAN BESAR@NULL@KUANTAN@C@25000
181297@W@BUMI HIJAU FOOD INDUSTRIES SDN. BHD.@21/4/1989@S@NO. G-54, JALAN PINANG 52@TAMAN DAYA@NULL@JOHOR BAHRU@J@81100
181445@W@NURKAMAL NETWORK SENDIRIAN BERHAD@25/4/1989@S@NO. 260-E, JALAN DATO' KUMBAR@NULL@NULL@ALOR SETAR@K@5300
191736@V@BINAAN DESJAYA SDN. BHD.@4/1/1990@S@A33,1ST FLOOR@LORONG TUN ISMAIL 10,SRI DAGANGAN KUANTAN@NULL@KUANTAN@C@25000
192295@T@HISNIAGA SDN. BHD.@16/1/1990@S@372,JALAN TUANKU ABDUL RAHMAN@TINGKAT 1@NULL@KUALA LUMPUR@W@50100
195647@H@SEDIA TEGUH SDN. BHD.@28/3/1990@S@NO.66A, DAMAI COMPLEX@JALAN LUMUT, OFF JALAN IPOH@NULL@KUALA LUMPUR@W@50400
198069@V@MEGAPADU SDN. BHD.@21/5/1990@S@SUITE 3-2B, NO 3, JALAN MEDAN PUSAT 2D@3B CURVE BUSINESS PARK@PUSAT BANDAR BANGI@BANDAR BARU BANGI@B@43650
198480@A@BURNMARK INDUSTRIES SDN. BHD.@28/5/1990@S@03-32,3RD FLOOR@PKNS COMPLEX@SHAH ALAM,SELANGOR@SHAH ALAM@B@40000
199531@V@SELIA-TEK INDUSTRIES SDN. BHD.@18/6/1990@S@16-4 TKT.3,JALAN 14/22@THE RIGHT ANGLE@P.JAYA@PETALING JAYA@B@46100
200338@D@SERVCO RESOURCES SDN. BHD.@5/7/1990@S@NO.8-1F, JALAN BOLING PADANG G 13/G@NULL@NULL@SHAH ALAM@B@40100
201567@V@AQUASIS CATALYST MANAGEMENT SYSTEM (M) SDN. BHD.@26/7/1990@S@B-42, 1ST. FLOOR@JALAN GAMBUT@NULL@KUANTAN@C@25000
202685@V@PERKASA SUTERA SDN. BHD.@16/8/1990@S@110, JALAN MAAROF@BANGSAR BARU@NULL@KUALA LUMPUR@W@59000
203315@W@KILANG PADI NAZRA SDN. BHD.@27/8/1990@S@LOT 3899, 3RD FLOOR@JALAN SULTAN SULAIMAN@NULL@KUALA TERENGGANU@T@20000
203370@D@CERDIK PUBLICATIONS SDN. BHD.@27/8/1990@S@127B,JALAN SS 21/37@DAMANSARA UTAMA@PETALING JAYA,SELANGOR@PETALING JAYA@B@47400
204110@X@TELITI COMPUTERS SDN. BHD.@12/9/1990@S@17-4-1,JALAN SEMARAK 2@DIAMOND SQUARE@OFF JALAN GOMBAK@KUALA LUMPUR@W@53000
204634@A@TELEVENTURE SDN. BHD.@22/9/1990@S@LOT 5.42 TINGKAT 5@WISMA CENTRAL@JALAN AMPANG,KUALA LUMPUR@KUALA LUMPUR@W@50450
208891@V@AMAT SINAR SDN. BHD.@1/12/1990@S@UNTI 817,TKT.8@MENARA MUTIARA MAJESTIC PJ@15,JALAN OTHMAN,PETALING JAYA@PETALING JAYA@B@46000
213754@A@SA KARGO SDN. BHD.@13/3/1991@S@WISMA SA@NO:50 JALAN ANGGERIK MOKARA 31/47@KOTA KEMUNING@SHAH ALAM@B@40460
216590@A@KASUGI PRIMA SDN. BHD.@6/5/1991@S@2-4-14,PRIMA PENINSULA,@NO:2,JALAN SETIAWANGSA 11,@TAMAN SETIAWANGSA,@KUALA LUMPUR@W@54200
219148@A@PEREMBUN (M) SDN. BHD.@18/6/1991@S@62C, JALAN SS21/62,@DAMANSARA UTAMA,@NULL@PETALING JAYA@B@47400
219906@U@SYSTEM CONSULTANCY SERVICES SDN. BHD.@2/7/1991@S@36 JALAN WANGSA DELIMA 6@PUSAT BANDAR WANGSA MAJU (KLSC)@NULL@KUALA LUMPUR@W@53300
220907@W@DUTA JASA SDN. BHD.@16/7/1991@S@1ST FLOOR, LOT 8306, LORONG DATUK@ABANG ABDUL RAHIM 7C@NULL@KUCHING@E@93450
221448@A@MYDIN MOHAMED HOLDINGS BHD.@23/7/1991@S@UNIT NO. B3-10, BLOCK B, PLAZA DWITASIK@BANDAR SRI PERMAISURI@OFF JALAN TASIK PERMAISURI 1@KUALA LUMPUR@W@56000
223995@H@SCOPETEL SDN. BHD.@29/8/1991@S@NO. 15, PERSIARAN DAMANSARA ENDAH@BUKIT DAMANSARA@NULL@KUALA LUMPUR@W@50490
224505@W@KEMBANG SERANTAU SDN. BHD.@5/9/1991@S@ARAS 6, BANGUNAN ZIKAY@53, JALAN RAJA ALANG@KAMPUNG BARU@KUALA LUMPUR@W@50350
225325@M@SRILCON (M) SDN. BHD.@21/9/1991@S@970, MUKIM 2, SAMAGAGAH@NULL@NULL@PERMATANG PAUH@P@13500
225360@H@EMPIRE PROSPECT SDN. BHD.@23/9/1991@S@NO. 1-2, JALAN WAKAF SETEE AISAH@TAMAN WAKAF SETEE AISAH@NULL@SEBERANG PERAI@P@13700
226210@K@N-INSPIRASI SDN. BHD.@5/10/1991@S@LOT 3899, 3RD FLOOR@JALAN SULTAN SULAIMAN@NULL@KUALA TERENGGANU@T@20000
227571@V@WEKAJAYA SDN. BHD.@24/10/1991@S@1ST FLOOR, L 2595 & 2596@WISMA SANDHU, BLOCK 195@KNLD, JALAN GREEN@KUCHING@E@93150
227963@P@SR EXPRESS (M) SDN. BHD.@30/10/1991@S@NO.63,LEVEL 1@JALAN DATO HAJI EUSOFF@DAMAI COMPLEX,JALAN IPOH,K.LUMPUR@KUALA LUMPUR@W@50400
228216@K@HYRAX OIL SDN. BHD.@2/11/1991@S@NO.89-1, JALAN WANGSA DELIMA 5@PUSAT BANDAR WANGSA MAJU (KLSC)@NULL@KUALA LUMPUR@W@53300
230093@W@THREE-OPP (M) SDN. BHD.@2/12/1991@S@NO. 36A, JALAN DATUK SULAIMAN@TAMAN TUN DR. ISMAIL@NULL@KUALA LUMPUR@W@60000
232543@U@TEAMCOAT ENGINEERING SDN. BHD.@15/1/1992@S@WISMA TEAMCOAT,NO.2 JALAN 6@SELAYANG PANDANG@BATU CAVES,SELANGOR@BATU CAVES@B@68100
235827@W@SYSTEMATIC AVIATION SERVICES SDN. BHD.@11/3/1992@S@NO.10-1,JALAN 4/76CDESA PANDAN@KUALA LUMPUR@NULL@KUALA LUMPUR@W@55100
239721@U@EMPAYAR SETIA SDN. BHD.@7/5/1992@S@3RD FLOOR,DORMANI SQUARE@LOT 11-14,SECTION 13@JALAN DATUK AJIBAH ABOL@KUCHING@E@93400
239871@P@SIPRO PLASTIC INDUSTRIES SDN. BHD.@9/5/1992@S@LOT 7,JALAN BAWANG PUTIH 24/34@SECTION 24@SHAH ALAM,SELANGOR@SHAH ALAM@B@40000
240206@U@PROGRESSIVE IMPACT TECHNOLOGY SDN. BHD.@14/5/1992@S@SUITE 5.02 MERCU PICORP@LOT 10 JALAN ASTAKA U8/84@BUKIT JELUTONG@SHAH ALAM@B@40150
240935@V@DYNAMIC SEMINARS SDN. BHD.@22/5/1992@S@WISMA MORNIE NO. 1@LOT 204- 207@JALAN HAJI TAHA@KUCHING@E@93400
242243@X@PELANGI WIRA (M) SDN. BHD.@13/6/1992@S@15-1-3,MENARA PUTRA@LORONG TIONG NAM 5@KUALA LUMPUR@KUALA LUMPUR@W@50350
242817@A@JWR TECHNOLOGY (M) SDN. BHD.@22/6/1992@S@22-C, 2ND. FLOOR@JALAN TELOK WANJAH@NULL@ALOR SETAR@K@5200
242919@T@HASRO FURNITURE GALLERY (M) SDN. BHD.@23/6/1992@S@2B-9, JALAN KESIDANG 3/6@MELAKA MALL@OFF JALAN TUN PERAK@MELAKA@M@75300
246063@H@BUNGA TENAGA SDN. BHD.@4/8/1992@S@LOT 3060, NO. 118, 1ST FLOOR,@PARKCITY COMMERCE SQUARE,@PHASE 2, JALAN TUN AHMAD ZAIDI,@BINTULU@E@97000
249684@D@TEKNO LOGAM  SDN. BHD.@3/10/1992@S@NO. 47 (FIRST FLOOR)@JALAN LEGENDA 3, LEGENDA HEIGHTS@NULL@SUNGAI PETANI@K@8000
250891@T@ZAINAL & DIN CONSTRUCTION SDN. BHD.@15/10/1992@S@83A & 84A,JALAN CHENGAL@TAMAN MAKMUR@NULL@BATU PAHAT@J@83000
252145@U@SILVER RIDGE SDN. BHD.@5/11/1992@S@9A JALAN MEDAN TUANKU@MEDAN TUANKU@NULL@KUALA LUMPUR@W@50300
252211@K@POINTRAY (MALAYSIA) SDN. BHD.@6/11/1992@S@# 7-3 TKT.2,JALAN CECAWI 6/19B@SEKSYEN 6@KOTA DAMANSARA,PETALING JAYA@PETALING JAYA@B@47810
253362@V@IKTISAS INGENIEURS SDN. BHD.@7/12/1992@S@NO.62-1,1ST FLOOR,JALAN 2/23A@OFF JALAN GENTING KLANG@TAMAN DANAU KOTA,SETAPAK@KUALA LUMPUR@W@53300
255157@U@DINASTIA JATI SDN. BHD.@5/1/1993@S@29-2 (UNIT 2)@JALAN USJ 9/5Q@SUBANG BUSINESS CENTRE@SUBANG JAYA@B@47620
255976@T@PERKHIDMATAN ARAH (M) SDN. BHD.@12/1/1993@S@58A,TAMAN KOTA LAKSAMANA@NULL@NULL@MELAKA@M@75200
255984@V@BHARUN & ASSOCIATES SDN. BHD.@12/1/1993@S@PT 225@2ND FLOOR@JALAN KEBUN SULTAN@KOTA BHARU@D@15050
258211@A@SEA HORSE SERVICES SDN. BHD.@18/2/1993@S@158-160,TINGKAT 2@JALAN TELUK SISEK@KUANTAN,PAHANG@KUANTAN@C@25050
259150@A@VALSERV SDN. BHD.@9/3/1993@S@71B,JALAN SG 3/10@TAMAN SRI GOMBAK@BATU CAVES,SELANGOR@BATU CAVES@B@68100
259517@V@ONE-TECH (M) SDN. BHD.@15/3/1993@S@15,LORONG AMPANG ULU@KUALA LUMPUR.@NULL@KUALA LUMPUR@W@55000
260027@H@MAPLE TRICOT INDUSTRIES SDN. BHD.@1/4/1993@S@131A, JALAN SULTANAH@NULL@NULL@BATU PAHAT@J@83000
260398@T@AMBANG WIRA SDN. BHD.@2/4/1993@S@THIRD FLOOR, NO. 79 (ROOM A)@JALAN SS 21/60@DAMANSARA UTAMA@PETALING JAYA@B@47400
265586@W@ALAM SEKITAR MALAYSIA SDN. BHD.@28/5/1993@S@SUITE 5.02 MERCU PICORP@LOT 10 JALAN ASTAKA U8/84@BUKIT JELUTONG@SHAH ALAM@B@40150
266702@M@SHAREPRIME SDN. BHD.@11/6/1993@S@NO.63,LEVEL 1@JALAN DATO'HJ EUSOFF@DAMAI COMPLEX,OFF JALAN IPOH@KUALA LUMPUR@W@50400
266724@K@SERBA DINAMIK SDN. BHD.@11/6/1993@S@NO. 67, SUBLOT 239, LOT 2713@GROUND FLOOR - 3RD FLOOR, JALAN TANJUNG BATU@(KEMENA COMMERCIAL CENTRE)@BINTULU@E@97000
266865@X@ASTAKA PADU SDN. BHD.@14/6/1993@S@NO 1,@BUKIT SENYUM@JALAN TEBRAU@JOHOR BAHRU@J@80200
267175@W@BTC MAJU HOLDING SDN. BHD.@16/6/1993@S@BANGUNAN DARUL BTC, 28,@JALAN BURUNG KELETO,@OFF TUARAN BY PASS, KM 8, JALAN TUARAN, INANAM@KOTA KINABALU@S@88450
267299@T@RHR HOSPITALITY SDN. BHD.@18/6/1993@S@NO. 32A, JALAN SG 1/5@TAMAN SRI GOMBAK@NULL@BATU CAVES@B@68100
268089@P@UTAS MAJU SDN. BHD.@26/6/1993@S@53, JALAN SS 15/4@SUBANG JAYA@P.JAYA,SELANGOR@SUBANG JAYA@B@47500
270511@H@GADING KENCANA SDN. BHD.@20/7/1993@S@2-06-02 PRESINT ALAMI BLOCK 2@PUSAT PERNIAGAAN WORLDWIDE 2@PERSIARAN AKUATIK SEKSYEN 13@SHAH ALAM@B@40100
271477@M@ACME CHEMICALS (MALAYSIA) SDN. BHD.@27/7/1993@S@NO.52A, LEBUH ENGGANG@NULL@NULL@KLANG@B@41150
272199@V@EFFECTIVE ENERGY SDN. BHD.@3/8/1993@S@D/A CORPORATEHOUSE SER. S/B@TINGKAT 4, BANGUNAN HSBC BANK@NO. 1, JALAN MAHKOTA@KUANTAN@C@25000
272759@T@TIDALMARINE ENGINEERING SDN. BHD.@10/8/1993@S@20-2 JALAN SETIAWANGSA 10@TAMAN SETIAWANGSA@NULL@KUALA LUMPUR@W@54200
274480@T@PAKAR MANAGEMENT TECHNOLOGY (M) SDN. BHD.@24/8/1993@S@NO. 3, 1ST FLOOR, JALAN MEDAN PUSAT 2D@3B CURVE BUSINESS PARK@PUSAT BANDAR BANGI@BANDAR BARU BANGI@B@43650
275594@H@HLA ASSOCIATES SDN. BHD.@4/9/1993@S@NO. 91-1, JALAN WANGSA DELIMA LIMA@PUSAT BANDAR WANGSA MAJU@NULL@KUALA  LUMPUR@W@53300
275680@X@TISISIT CORPORATION (M) SDN. BHD.@6/9/1993@S@NO:63,LEVEL 1,JALAN DATO HJ EUSOFF,@DAMAI COMPLEX,@OFF JALAN IPOH,@KUALA LUMPUR@W@50400
277436@D@SHOREFIELD SDN. BHD.@29/9/1993@S@LOT 1025, BLOCK 7, MTLD, LORONG DEMAK LAUT 7A@JALAN DEMAK LAUT 7@SEJINGKAT INDUSTRIAL PARK@KUCHING@E@93050
277451@U@ZELLECO ENGINEERING SDN. BHD.@29/9/1993@S@SUITE C-7-11 LEVEL 9 BLK.C@MEGAN UNCANG EMAS UE3@85 JALAN LOKE YEW@KUALA LUMPUR@W@55200
278083@V@K.K. DINAMIK SDN. BHD.@6/10/1993@S@3RD FLOOR, LOT 2, BLOCK A@LINTAS SQUARE,@LUYANG@KOTA KINABALU@S@88300
280259@H@ZIKAY FACTORING SDN. BHD.@1/11/1993@S@ARAS 6, BANGUNAN ZIKAY@53, JALAN RAJA ALANG@KAMPUNG BARU@KUALA LUMPUR@W@50300
283137@V@FADZILL CONSTRUCTION SDN. BHD.@2/12/1993@S@69D-2 PERSIARAN BAYAN INDAH@SUNGAI NIBONG@PULAU PINANG@BAYAN LEPAS@P@11900
284416@U@INNOSEVEN SDN. BHD.@17/12/1993@S@TINGKAT 3, LOT 1331@JALAN PAYAMAS@NULL@TANGKAK@J@84900
286203@D@TMM ENGINEERING SERVICES SDN. BHD.@7/1/1994@S@LOT A5, KAWASAN PERINDUSTRIAN CACAR@PAKA@NULL@DUNGUN@T@23100
286874@W@PRESTIGIOUS DISCOVERY SDN. BHD.@13/1/1994@S@E-7-3,  7TH FLOOR, BLOCK E@MEGAN AVENUE 1@189, JALAN TUN RAZAK@KUALA LUMPUR@W@50490
287328@W@BINA REZEKI SDN. BHD.@18/1/1994@S@SUITE 12B-23, LEVEL 12B, WISMA ZELAN@NO.1, JALAN TASIK PERMAISURI 2@BANDAR TUN RAZAK, CHERAS@KUALA LUMPUR@W@56000
290049@W@PERNIAGAAN FAJARMAS SDN. BHD.@19/2/1994@S@LOT 15-3, BLOK A, KOMPLEKS KILANG SME BANK@BANK PERUSAHAAN KECIL & SEDERHANA (M) BERHAD@NO. 15, JALAN WAWASAN UTAMA, KAWASAN PERINDUSTRIAN SRI GADING II@BATU PAHAT@J@83000
293548@W@ZIKAY CONSTRUCTION SDN. BHD.@2/4/1994@S@ARAS 6, BANGUNAN ZIKAY@53, JALAN RAJA ALANG@KAMPUNG BARU@KUALA LUMPUR@W@50300
294625@D@GERBANG NUSAJAYA SDN. BHD.@9/4/1994@S@NO. 6, JALAN KEMPAS UTAMA 1/1@TAMAN KEMPAS UTAMA@NULL@JOHOR BAHRU@J@81300
294700@T@TEMPINAS SDN. BHD.@9/4/1994@S@NO. 12-1, JALAN USJ 1/1B@REGALIAH BUSINESS CENTRE@TAMAN SUBANG MEWAH@SUBANG JAYA@B@47500
295194@P@H Z N ASSOCIATES (M) SDN. BHD.@12/4/1994@S@NO. 13, (1ST. FLOOR), JALAN MAJISTRET@U1/26, SEKSYEN U1, HICOM@GLENMARIE INDUSTRIAL PARK@SHAH ALAM@B@40150
295213@P@CEKAP TECHNICAL SERVICES SDN. BHD.@12/4/1994@S@F-3-5,PLAZA DAMAS@60,JALAN SRI HARTAMAS 1@SRI HARTAMAS@KUALA LUMPUR@W@50480
297141@P@MUARA ATUR (M) SDN. BHD.@23/4/1994@S@LOT 1742, JALAN PERMATANG 8A@TAMAN KEMPAS BARU@NULL@JOHOR BAHRU@J@81200
298610@U@AMALGAMATED PLANT ENGINEERING SDN. BHD.@4/5/1994@S@NO. 315, 2ND FLOOR, PHASE 4, SUBLOT 129,@PARKCITY COMMERCE SQUARE,@JALAN TUN AHMAD ZAIDI,@BINTULU@E@97000
298961@W@BUDI PRISMA SDN. BHD.@6/5/1994@S@4 GROUND FLOOR@JALAN PERINDUSTRIAN BALAKONG JAYA 2/3@TAMAN PERINDUSTRIAN BALAKONG JAYA@BALAKONG@B@43300
300402@X@HUSSEIN KHAMIS SDN. BHD.@16/5/1994@S@NO 554 GROUND FLOOR@JALAN SAMUDRA UTARA 1@TAMAN SAMUDRA@BATU CAVES@B@68100
302655@U@PEMBINAAN JDK SDN. BHD.@3/6/1994@S@9-7 (LEVEL 7), JALAN USJ 9/5Q@SUBANG BUSINESS CENTRE@NULL@UEP SUBANG JAYA@B@47620
305217@V@COSMIC ACCORD SDN. BHD.@18/6/1994@S@B8012, TINGKAT 2 & 3@SRI KUANTAN SQUARE@JALAN TELUK SISEK@KUANTAN@C@25050
306812@M@RPM ENGINEERS SDN. BHD.@8/7/1994@S@18-D TKT 2@JALAN 6/6@TMN KOMERSIAL PANDAN INDAH,K LUMPUR@KUALA LUMPUR@W@55100
306829@X@DYNASYNERGY SDN. BHD.@8/7/1994@S@LOT 8, 2ND FLOOR, BLOCK A,@LINTAS SQUARE, JALAN LINTAS,@NULL@KOTA KINABALU@S@88300
308721@A@BTC IMPEX SDN. BHD.@22/7/1994@S@LOT 1,BLK.A@SINSURAN COMPLEX@K.KINABALU@KOTA KINABALU@S@88000
309033@H@DIMENSION BID (M) SDN. BHD.@23/7/1994@S@SUITE C-5-4@WISMA GOSHEN,PLAZA PANTAI@JALAN PANTAI BAHARU@KUALA LUMPUR@W@59200
311934@X@MUTIARA FOOD & DRINKS (M) SDN. BHD.@17/8/1994@S@NO 23A@JALAN PEMBANGUNAN OFF JALAN TAMPOI@TAMAN DESA RAHMAT@JOHOR BAHRU@J@81200
315436@K@HATIMUDA SDN. BHD.@13/9/1994@S@LOT 20 -5, 403 BLOCK 1@NO. 7, PERSIARAN SUKAN@LAMAN SERI BUSINESS PARK, SEKSYEN 13@SHAH ALAM@B@40100
316836@P@CONCEPT-P JURUTERA SDN. BHD.@20/9/1994@S@2ND FLOOR@LOT 10147 KTLD@JALAN KWONG LEE BANK@KUCHING@E@93450
317099@X@PRM FOODS & MARKETING SDN. BHD.@22/9/1994@S@LOT 1884,JALAN PERINDUSTRIAN@BUKIT KHOR@RHU RENDANG@MARANG@T@21600
318828@P@KAT TECHNOLOGIES SDN. BHD.@6/10/1994@S@K5-1,EXCELLA BUSINESS PARK@JALAN AMPANG PUTRA@TMN AMPANG HILIR,K.LUMPUR.@KUALA LUMPUR@W@55100
319687@M@TRISYSTEMS ENGINEERING SDN. BHD.@12/10/1994@S@NO.6, JALAN TIANG U8/91@TAMAN PERINDUSTRIAN BUKIT JELUTONG@NULL@SHAH ALAM@B@40150
320661@P@ZECON WATER CORPORATION SDN. BHD.@21/10/1994@S@SUITE 2A-11-2, LEVEL 11, BLOCK 2A,@PLAZA SENTRAL, JALAN STESEN 5,@KUALA LUMPUR SENTRAL,@KUALA LUMPUR@W@50470
320810@M@NSF INTEGRATED SDN. BHD.@22/10/1994@S@NO.347, JALAN S2 B8@UPTOWN AVENUE, SEREMBAN 2@NULL@SEREMBAN@N@70300
321857@P@KLINIK SYED BADARUDDIN SDN. BHD.@29/10/1994@S@NO. 8A, 1ST FLOOR (CHINA TOWN)@JALAN PUTRA SQUARE 2@PUTRA SQUARE@KUANTAN@C@25000
323099@V@DANAMIN (M) SDN. BHD.@9/11/1994@S@LEVEL 11, MENARA KOMTAR,@JOHOR BAHRU CITY CENTRE@NULL@JOHOR BAHRU@J@80000
324714@H@TERASKITA (MUADZAM) SDN. BHD.@25/11/1994@S@31E-3, KELANA MALL@JALAN SS 6/12@KELANA JAYA@PETALING JAYA@B@47301
326860@U@SHAZAS BUILDERS SDN. BHD.@12/12/1994@S@KN 16, PADANG LEREK 2@NULL@NULL@TANGKAK@J@84900
326994@M@ASTURI METAL BUILDERS (M) SDN. BHD.@13/12/1994@S@CORPORATEHOUSE SERVICE SB@4TH. FLR., HSBC BANK BUILDING@JALAN MAHKOTA@KUANTAN@C@25000
327055@V@DR. NIK & ASSOCIATES SDN. BHD.@14/12/1994@S@NO.5-2, 8 SETIAWANGSA@JALAN SETIAWANGSA 13@TAMAN SETIAWANGSA@KUALA LUMPUR@W@54200
328192@A@BINA MEKAR SDN. BHD.@21/12/1994@S@LOT 2411,@TAMAN K.S.M,@BATU ANAM@SEGAMAT@J@85100
328878@W@AHM CONSULTANCY & SECURITY SERVICES SDN. BHD.@29/12/1994@S@WISMA M & F, NO. 27, JALAN USJ 21/11@USJ CITY CENTRE@NULL@UEP SUBANG JAYA@B@47630
329439@P@ILIASCO CORPORATION SDN. BHD.@4/1/1995@S@NO. A10, TINGKAT 1, TAMAN DELIMA@JALAN GANGSA@NULL@ALOR SETAR@K@5150
330942@U@MS TIME SDN. BHD.@16/1/1995@S@SUITE 3-2B,NO.3JALAN MEDAN PUSAT 2D@3B,CURVE BUSINESS PARK@PUSAT BANDAR BANGI@BANDAR BARU BANGI@B@43650
331554@W@ALAM TEKNOKRAT SDN. BHD.@20/1/1995@S@LEVEL 18 THE GARDENS NORTH TOWER@MID VALLEY CITY@LINGKARAN SYED PUTRA@KUALA LUMPUR@W@59200
333124@T@RAKANNUSA CORPORATION (M) SDN. BHD.@9/2/1995@S@NO. 54, TINGKAT 2@JALAN GAMBUT@NULL@KUANTAN@C@25000
333283@H@DAMINI CORPORATION SDN. BHD.@9/2/1995@S@LOT 20-ACD, LEVEL 5@MENARA PANDAN B, PERSIARAN MPAJ@JALAN PANDAN UTAMA, PANDAN INDAH@KUALA  LUMPUR@W@55100
334144@T@SYARIKAT TANDANG SARI SDN. BHD.@20/2/1995@S@LOT 538 BLOCK 36@SUBLOT 29 MTLD@BATU 9 PENRISSEN ROAD@KUCHING@E@93250
337851@M@MMN BINA SDN. BHD.@29/3/1995@S@B-172, 2ND FLOOR@JALAN DATO' LIM HOE LEK@NULL@KUANTAN@C@25200
343707@U@OLIO RESOURCES SDN. BHD.@18/5/1995@S@17-4-1, JALAN SEMARAK API 2@DIAMOND SQUARE@OFF JALAN GOMBAK@KUALA LUMPUR@W@53000
344818@T@FIELDMART SDN. BHD.@26/5/1995@S@LOT 775, BLOCK 8, MTLD@DEMAK LAUT INDUSTRIAL PARK@NULL@KUCHING@E@93050
345091@P@EXTRA-BUILT (M) SDN. BHD.@30/5/1995@S@NO.32-4-2 DIAMOND SQUARE@JALAN SEMARAK API 3@NULL@KUALA LUMPUR@W@53000
347274@D@NIAZ ENTERPRISES (M) SDN. BHD.@17/6/1995@S@L11-2, 11TH. FLOOR, MENARA@SENTRAL VISTA, JALAN SULTAN@ABDUL SAMAD, BRICKFIELDS@KUALA  LUMPUR@W@50470
348922@W@PERSAFE ENGINEERING SDN. BHD.@29/6/1995@S@LOT 10391-10393, PALM VILLA@JALAN TUN HUSSEIN ONN@NULL@BINTULU@E@97000
349214@W@BUDAYA RESTU SDN. BHD.@3/7/1995@S@NO:60-A JALAN RENANG 13/26@SEKSYEN 13@NULL@SHAH ALAM@B@40100
351782@M@Q S E CONSTRUCTION SDN. BHD.@19/7/1995@S@WISMA QSE, ARAS 2 (KIRI)@LOT PT 45211, KAMPUNG MERBAU INDAH@JALAN KUALA SELANGOR@SUNGAI BULOH@B@47000
353018@X@AIKINMAS SDN. BHD.@27/7/1995@S@PLOT 1 OF PARENT LOT 129,BLOCK 20,@KEMENA LAND DISTRICT,@TANJUNG KIDURONG,@BINTULU@E@97000
354294@H@QUALITEST ENGINEERING SDN. BHD.@7/8/1995@S@17-4-1, JALAN SEMARAK API 2@DIAMOND SQUARE@OFF JALAN GOMBAK@KUALA LUMPUR@W@53000
354370@V@MEDICAL APPARATUS SUPPLIES SDN. BHD.@7/8/1995@S@64,PERSIARAN 65C@PEKELILING BUSINESS CENTRE@K.LUMPUR@KUALA LUMPUR@W@53000
356905@T@MITTI POWER CABLES SDN. BHD.@25/8/1995@S@55-A, JALAN PERANG@TAMAN PELANGI@NULL@JOHOR BAHRU@J@80400
359235@M@DYNA-SUTRA SDN. BHD.@12/9/1995@S@3RD FLOOR, LOT 13, BLOCK C,@DAMAI PLAZA PHASE 3,@JALAN DAMAI,@KOTA KINABALU@S@88300
360446@A@ATLASINAR SDN. BHD.@21/9/1995@S@WISMA RINTIZ@NO.1-3 JALAN TU 62@KAWASAN PERINDUSTRIAN TAMAN TASIK UTAMA@AYER KEROH@M@75450
360954@T@RD PAPERS SDN. BHD.@26/9/1995@S@LOT 1843,KAMPUNG BUKIT KUBANG JAMBU,@PULAU MUSANG@NULL@KUALA TERENGGANU@T@20050
361054@X@WSA CAPITAL CORPORATION SDN. BHD.@26/9/1995@S@BANGUNAN LIN HO(TINGKAT 4)@15 JALAN HANG LEKIU@KUALA LUMPUR@KUALA LUMPUR@W@50100
361777@H@BIT GROUP SDN. BHD.@2/10/1995@S@NO.62-1, 1ST FLOOR@JALAN 2/23A, OFF JALAN GENTING KLANG@TAMAN DANAU KOTA, SETAPAK@KUALA LUMPUR@W@53300
362686@T@AQEEL ENGINEERING & CONSTRUCTION SDN. BHD.@8/10/1995@S@PT 11633 TAMAN PERTAMA@GELIGA BESAR@NULL@KEMAMAN@T@24000
367254@M@MY-SUTERA SDN. BHD.@15/11/1995@S@NO 17A, JALAN SNUKER 13/28@TADISMA BUSINESS PARK@SEKSYEN 13@SHAH ALAM@B@40100
367852@P@SINAR JERNIH SDN. BHD.@20/11/1995@S@NO.39 JALAN MJ 32@TAMAN MERDEKA JAYA@NULL@BATU BERENDAM@M@75350
370399@W@PJ FOODS INDUSTRIES SDN. BHD.@12/12/1995@S@NO. 53, TINGKAT 1@JALAN TELUK SISEK@NULL@KUANTAN@C@25000
371729@W@TECHBAY SDN. BHD.@23/12/1995@S@WISMA TECHBAY,@LOT 5, 1ST FLOOR,@PUTATAN NEW TOWNSHIP,@KOTA KINABALU@S@88200
374584@U@PSB DECORATION SDN. BHD.@19/1/1996@S@47-03, JALAN DEWATA@SUSUR DEWATA SATU@LARKIN PERDANA@JOHOR BAHRU@J@80350
375623@U@ROSNI AMBIAH & SONS SDN. BHD.@27/1/1996@S@46A, JALAN ARA 1@TAMAN RINTING@NULL@MASAI@J@81750
378307@X@SWICHTEC POWER SYSTEMS SDN. BHD.@1/3/1996@S@B-10-4 BLOCK B@MEGAN AVENUE I@189 JALAN TUN RAZAK@KUALA LUMPUR@W@50400
381977@M@SUHAN MOVIES & TRADING SDN. BHD.@1/4/1996@S@NO 568-9-20,9TH FLOOR@KOMPLEKS MUTIARA@3 1/2 MILE JALAN IPOH,K LUMPUR@KUALA LUMPUR@W@51200
382691@P@RANCANG DELIMA SDN. BHD.@6/4/1996@S@LOT 4/1395 KAMPUNG BARU@BESERAH, JALAN KTN-KEMAMAN@NULL@KUANTAN@C@25300
382767@D@JANA TANMIA RESOURCES SDN. BHD.@8/4/1996@S@NO.11@JALAN KOTA RAJA H 27/H, SEKSYEN 27@HICOM TOWN CENTRE@SHAH ALAM@B@40400
383695@M@INNOVATIVE OILFIELD SERVICES SDN. BHD.@15/4/1996@S@NO.2A-D, TINGKAT 2, JALAN 6/2@TAMAN KOMERSIAL PANDAN INDAH@NULL@KUALA LUMPUR@W@55100
385521@K@GARDEN BAY SDN. BHD.@30/4/1996@S@NO.13-A@TINGKAT 1@JALAN SS15/4E@SUBANG JAYA@B@47500
385924@K@SAKIZA INDAH SDN. BHD.@4/5/1996@S@NO. 112A JALAN PINANG 23@TAMAN DAYA@NULL@JOHOR BAHRU@J@81100
387302@W@CMC ENGINEERING SDN. BHD.@15/5/1996@S@LEVEL 8,SYMPHONY HOUSE@BLOCK D13,PUSAT DAGANGAN DANA 1@JALAN PJU 1A/46@PETALING JAYA@B@47301
387805@U@TIARA KESTURI SDN. BHD.@18/5/1996@S@NO. 98-2B, JALAN HARUAN 5/4,@OAKLAND COMMERCE SQUARE,@NULL@SEREMBAN@N@70300
388705@H@LANGKASUKA POINT SDN. BHD.@28/5/1996@S@121, TINGKAT 1@KOMPLEK ALOR SETAR@LEBUHRAYA DARULAMAN@ALOR SETAR@K@5100
392471@U@FANWARE SDN. BHD.@1/7/1996@S@LOT 13, 2ND FLOOR@BLOCK B, PADIMAS POINT@JALAN PITAS PENAMPANG@KOTA KINABALU@S@88300
394320@U@TAIACE ENGINEERING SDN. BHD.@16/7/1996@S@27-2, JALAN USJ 9/5Q@SUBANG BUSINESS CENTRE@NULL@SUBANG JAYA@B@47620
395171@T@MIZURA SDN. BHD.@22/7/1996@S@12A-1 JALAN PANDAN PRIMA 2@DATARAN PANDAN PRIMA (MRR2)@NULL@KUALA LUMPUR@W@55100
398029@D@MEDIGATE SDN. BHD.@14/8/1996@S@SUITE C5-M, JALAN SELAMAN 1@DTRN PALMA, OFF JALAN AMPANG@AMPANG,SELANGOR@AMPANG@B@68000
399011@H@METRO DRIVING ACADEMY SDN. BHD.@20/8/1996@S@SUITE C5-M@JALAN SELAMA 1@DATARAN PALMA,OFF JALAN AMPANG,SELANGOR@AMPANG@B@68000
400033@W@ERAT SEMARAK SDN. BHD.@28/8/1996@S@TKT.4,LIN HO BUILDING@15,JALAN HANG LEKIU@KUALA LUMPUR@KUALA LUMPUR@W@50100
401933@D@THASWATER SDN. BHD.@12/9/1996@S@16B,JALAN TUN MOHD FUAD 1@TAMAN TUN DR.ISMAIL@NULL@KUALA LUMPUR@W@60000
404247@V@MAJPADU BRICKS SDN. BHD.@1/10/1996@S@NO. 40-1A & 1B, TINGKAT 1, BLOK 8@JALAN PAHAT H 15/H, KOMPLEKS OTOMOBIL@SEKSYEN 15@SHAH ALAM@B@40200
406059@U@EPC SYNERGY SDN. BHD.@14/10/1996@S@1ST FLOOR, SUBLOT 9,@SUKMA COMMERCIAL CENTRE,@BLOCK 14, SALAK LAND DISTRICT@KUCHING@E@93050
406106@X@ASIASPACE SDN. BHD.@15/10/1996@S@UNIT 2-1-2, BANGUNAN AHP@JALAN TUN MOHD FUAD 3@TAMAN TUN DR ISMAIL@KUALA LUMPUR@W@60000
407733@D@ZHA PENGANGKUTAN SDN. BHD.@26/10/1996@S@K 03,LOT 3195 K,TINGKAT DUA@KOMPLEK PERMINT HARMONI@JALAN BATAS BARU@KUALA TERENGGANU@T@20300
408247@U@FORESIGHT INDUSTRIES SDN. BHD.@30/10/1996@S@NO. 40-1A&1B, TINGKAT 1, BLOK 8@JALAN PAHAT H 15/H, KOMPLEKS OTOMOBIL@SEKSYEN 15@SHAH ALAM@B@40200
409864@W@REMT UTAMA SDN. BHD.@14/11/1996@S@GROUND FLOOR, LOT 21,@GRACE SQUARE, JALAN PANTAI@SEMBULAN, P.O.BOX 14722,@KOTA KINABALU@S@88100
409969@M@MALAYSIAN AGRI HI-TECH SDN. BHD.@14/11/1996@S@NO 3, 1ST FLOOR,JALAN MEDAN PUSAT 2D@3B CURVE BUSINESS PARK@PUSAT BANDAR BANGI@BANDAR BARU BANGI@B@43650
409984@A@ROTOCRAFT TECHNOLOGIES (M) SDN. BHD.@14/11/1996@S@NO. 1-08-03, BLOK 1, PRESINT ALAMI@PUSAT PERDAGANGAN WORLDWIDE 2@PERSIARAN AKUATIK, SEKSYEN 13@SHAH ALAM@B@40100
412168@V@ADVANCE PACT SDN. BHD.@3/12/1996@S@27C,JALAN PETALING UTAMA 12@BT 7 1/2,OLD KLANG ROAD@PETALING JAYA.@PETALING JAYA@B@46000
415968@X@ANZECO POWERTECH SDN. BHD.@6/1/1997@S@BUSINESS SUITE 19A-11-3, LEVEL 11@UOA CENTRE, NO. 19 JALAN PINANG@NULL@KUALA LUMPUR@W@50450
416227@H@ASAS BAYU SDN. BHD.@9/1/1997@S@B-172,2ND FLOOR@JALAN DATO'LIM HOE LEK@NULL@KUANTAN@C@25200
416296@K@ENCORP CONSTRUCT SDN. BHD.@10/1/1997@S@NO. 45-1, JALAN PJU 5/21@PUSAT PERDAGANGAN KOTA DAMANSARA@KOTA DAMANSARA PJU 5@PETALING JAYA@B@47810
417657@K@DURA-MINE SDN. BHD.@20/1/1997@S@SUITE 1.00A,6TH FLOOR@WISMA YAKIN,JALAN MASJID INDIA@KUALA LUMPUR.@KUALA LUMPUR@W@50100
418219@H@JUTERAS SDN. BHD.@23/1/1997@S@LOT.619 & 620,JALAN 2C@KAMPUNG BARU SUBANG@SECTION U6,SHAH ALAM,SELANGOR@SHAH ALAM@B@40150
420018@H@ROMSTAR SDN. BHD.@19/2/1997@S@NO. 8, JALAN 5/91A@TAMAN SHAMELIN PERKASA@NULL@KUALA LUMPUR@W@56100
420203@W@NAIM ENGINEERING SDN. BHD.@20/2/1997@S@9TH FLOOR@WISMA NAIM@2 1/2 MILES, ROCK ROAD@KUCHING@E@93200
421065@D@CIRI KUASA SDN. BHD.@27/2/1997@S@LOT 13381 SECTION 65@KTLD 16E RIVEREDGE COMMERCIAL CENTRE@JALAN TUN ABDUL RAHMAN YAAKUB, PETRA JAYA@KUCHING@E@93050
421302@T@DERAS CAHAYA SDN. BHD.@1/3/1997@S@4TH FLOOR, LOT 12, BLOCK A@WARISAN SQUARE@NULL@KOTA KINABALU@S@88000
422881@A@ENERSHIA SDN. BHD.@13/3/1997@S@NO.15B, TINGKAT 2@JALAN TENGKU AMPUAN ZABEDAH F9/F@SEKSYEN 9@SHAH ALAM@B@40100
425787@W@KOSMOJATI SDN. BHD.@2/4/1997@S@LOT 19, HS INDUSTRIAL PARK@DONGGONGON@PENAMPANG@KOTA KINABALU@S@88300
426132@W@KELISA MURNI SDN. BHD.@3/4/1997@S@NO. 56-01, JALAN PADI EMAS 2@BANDAR BARU UDA@NULL@JOHOR BAHRU@J@81200
428720@H@NUMIX ENGINEERING SDN. BHD.@24/4/1997@S@NO.42-B,JALAN SS 6/8@KELANA JAYA@PETALING JAYA,SELANGOR@PETALING JAYA@B@47301
429118@A@TELAGA BIRU SDN. BHD.@28/4/1997@S@63,LEVEL 1,JALAN DATO'HJ.EUSOFF@DAMAI COMPLEX@OFF JALAN IPOH,K.LUMPUR@KUALA LUMPUR@W@50400
430249@D@PRASARANA GEMILANG SDN. BHD.@6/5/1997@S@NO. 23-02, JALAN SETIA TROPIKA 1/28@TAMAN SETIA TROPIKA@NULL@JOHOR BAHRU@J@81200
431829@X@RUMBIA BINA (M) SDN. BHD.@19/5/1997@S@LOT 9.00C, 9TH FLOOR@BOX #641, WISMA CENTRAL@JALAN AMPANG@KUALA LUMPUR@W@50450
433694@W@ZER PLASTIC SDN. BHD.@3/6/1997@S@4TH FLOOR,LIN HO BUILDING@15 JALAN HANG LEKIU@KUALA LUMPUR@KUALA LUMPUR@W@50100
434080@M@JINORA CORPORATION SDN. BHD.@5/6/1997@S@UNIT 11-02,11TH FLOOR@MENARA TJB@9 JALAN SYED MOHD MUFTI,JOHOR BAHRU@JOHOR BAHRU@J@80000
438187@D@NICARIA SDN. BHD.@5/7/1997@S@ROOMS NO.1121@11TH.FLR,GAYA CENTRE@JALAN TUN FU<D STEPHENS,K.KINABALU@KOTA KINABALU@S@88818
438536@T@KLK SYNERGY SDN. BHD.@9/7/1997@S@NO. 22, JALAN PELANGI@OFF JALAN BATU TIGA LAMA@NULL@KLANG@B@41300
438624@U@ISRINA RESOURCES SDN. BHD.@9/7/1997@S@SUITE A-3-5, BLOCK A,@3RD FLOOR, PLAZA TANJUNG ARU,@JALAN TUN MUSTAPHA,@KOTA KINABALU@S@88100
442060@U@FAIZA MARKETING SDN. BHD.@8/8/1997@S@LOT 15-11 & 15-12@BLOK B, KOMPLEKS KILANG SME BANK@NO. 15, JALAN WAWASAN UTAMA, KAW PERINDUSTRIAN SRI GADING 2@BATU PAHAT@J@83300
443630@K@SNO ARCHITECTS SDN. BHD.@18/8/1997@S@NO.6,2ND FLOOR@WARISAN CITY VIEW@BLOCK K JALAN 3/93A@KUALA LUMPUR@W@56100
443673@X@HALAGEL (M) SDN. BHD.@19/8/1997@S@4,JALAN SG 3/2@PUSAT BANDAR SERI GOMBAK@TAMAN SERI GOMBAK@BATU CAVES@B@68100
443743@U@TOPAZ INTEGRATED TECHNOLOGY SDN. BHD.@19/8/1997@S@10B LORONG PERDA SELATAN 2@BANDAR PERDA@NULL@BUKIT MERTAJAM@P@14000
445415@D@JATI BERINGIN SDN. BHD.@2/9/1997@S@LOT 930-1, KM 15@NULL@NULL@KRUBONG@M@75250
447605@P@AMP CORPORATION (M) SDN. BHD.@22/9/1997@S@SUITE 12.03 (A), 12TH FLOOR@NO. 566 JALAN IPOH@NULL@KUALA LUMPUR@W@51200
447773@W@VANTAGE POINT CONSULTING SDN. BHD.@23/9/1997@S@TKT.15,HEITECH VILLAGE@PRSN.KEWAJIPAN@USJ 1,UEP SUBANG JAYA,SELANGOR@SUBANG JAYA@B@47600
448860@W@TANKQUIP RESOURCES SDN. BHD.@2/10/1997@S@SUITE 2,PENTHOUSE,LOBBY A,@WISMA LEOPAD,@NO:9,JALAN TUN SAMBANTHAN,@KUALA LUMPUR@W@50470
449253@V@CAKARA MARITIME SDN. BHD.@8/10/1997@S@NO 554,GROUND FLOOR@JALAN SAMUDRA UTARA 1@TAMAN SAMUDRA@BATU CAVES@B@68100
450225@V@SHAMAWAR ELEKTRIKA SDN. BHD.@16/10/1997@S@17-4-1, JALAN SEMARAK API 2@DIAMOND SQUARE@OFF JALAN GOMBAK@KUALA LUMPUR@W@53000
451388@V@GAPPDMS SDN. BHD.@29/10/1997@S@SUITE J, 1ST FLOOR,@MERDEKA PALACE HOTEL & SUITES,@JALAN TUN ABANG HAJI OPENG,@KUCHING@E@93000
452324@T@AMBANG WIBAWA SDN. BHD.@8/11/1997@S@NO.66A, DAMAI COMPLEX@JALAN LUMUT@OFF JALAN IPOH@KUALA LUMPUR@W@50400
453724@V@DBA AKITEK (M) SDN. BHD.@24/11/1997@S@NO. 63A, JALAN SS 25/2@TAMAN BUKIT EMAS@NULL@PETALING JAYA@B@47301
454105@H@PUNCAK TEKNOLOGI (M) SDN. BHD.@28/11/1997@S@SUITE 12.03 (A), 12TH FLOOR@NO. 566 JALAN IPOH@NULL@KUALA LUMPUR@W@51200
456002@H@MANAP MAJU SDN. BHD.@30/12/1997@S@NO.5,TING.ATAS@BANGUNAN LKNP BENTA@NULL@BENTA@C@27300
456461@U@MYA CONSTRUCTION SDN. BHD.@8/1/1998@S@PUSAT PERNIAGAAN MYA@NO. 2 JALAN TAMPIN@NULL@REMBAU@N@71300
457194@P@MEGA JATI CONSULT SDN. BHD.@24/1/1998@S@NO. 5-4-2, JALAN 2/50@DIAMOND SQUARE OFF JALAN GOMBAK@NULL@KUALA  LUMPUR@W@53000
458097@D@ARKITEK KM SDN. BHD.@21/2/1998@S@NO.25,@KENYALANG PARK SHOPPING CENTRE,@NULL@KUCHING@E@93300
459320@P@PROEIGHT SDN. BHD.@17/3/1998@S@NO:4,JALAN SG 3/2,@PUSAT BANDAR SERI GOMBAK,@TAMAN SERI GOMBAK,@BATU CAVES@B@68100
461077@V@CHEMTRAX SDN. BHD.@17/4/1998@S@LEVEL 12, MENARA PELANGI@JALAN KUNING@TAMAN PELANGI@JOHOR BAHRU@J@80400
461546@U@CARE ION TECHNOLOGIST SDN. BHD.@25/4/1998@S@LOT 30,BANDAR BARU KERTEH@KERTEH@NULL@KEMAMAN@T@24300
466487@V@FINE MARGIN SDN. BHD.@29/7/1998@S@104, 1ST FLOOR@KOMPLEKS ALOR SETAR@LEBUHRAYA DARULAMAN@ALOR SETAR@K@5100
470336@H@AUTHENTIC VENTURE SDN. BHD.@15/10/1998@S@906B, TINGKAT 2, BLOK D@KOMPLEKS DIAMOND@BANGI BUSINESS PARK@BANDAR BARU BANGI@B@43650
471905@P@JURUTERA TCS SDN. BHD.@12/11/1998@S@GROUND FLOOR, LOT 147@SECTION 12, KTLD@JALAN DATUK AJIBAH ABOL@KUCHING@E@93400
473488@A@BUMI HARUS SDN. BHD.@9/12/1998@S@UNIT NO 203,2ND FLOOR,BLOCK C@DAMANSARA INTAN@NO 1,JALAN SS 20/27@PETALING JAYA@B@47400
476724@W@AMTECH CHEMICAL SDN. BHD.@5/2/1999@S@1302@JALAN JAMBU 6@TAMAN MUHIBAH SALENG@SENAI@J@81400
480360@D@KLIA PREMIER HOLDINGS SENDIRIAN BERHAD@7/4/1999@S@WISMA KLIA HOLDINGS@NO.12, JALAN 6/7A, SEKSYEN 6@NULL@BANDAR BARU BANGI@B@43650
480536@D@PRESTON SHIPYARD SDN. BHD.@8/4/1999@S@U0031,TINGKAT 1@JALAN OKK AWANG BESAR@P. O. BOX 81862@LABUAN@L@87028
481450@M@LINEA ARCHITECT SDN. BHD.@19/4/1999@S@NO:15A,JALAN SG 3/4,@PUSAT BANDAR SRI GOMBAK,@NULL@BATU CAVES@B@68100
483044@K@PTIS ENGINEERING SDN. BHD.@10/5/1999@S@SUITE 13.03 TGKT 13@MENARA TAN & TAN@207 JALAN TUN RAZAK,K. LUMPUR@KUALA LUMPUR@W@50400
484345@A@EMRAN TRADING (M) SDN. BHD.@25/5/1999@S@10B LORONG PERDA SELATAN 2@BANDAR PERDA@NULL@BUKIT MERTAJAM@P@14000
488040@D@MUTIARA TEKNOLOGI (M) SDN. BHD.@9/7/1999@S@NO:29-1-1B,JALAN MEDAN PB 2B,@SEKSYEN 9,@BANDAR BARU BANGI,@BANGI@B@43650
493318@D@HOPETECH SDN. BHD.@7/9/1999@S@NO. 4, JALAN SG 3/2@PUSAT BANDAR SERI GOMBAK@TAMAN SERI GOMBAK@BATU CAVES@B@68100
494111@K@PERIMUDA MAKMUR SDN. BHD.@17/9/1999@S@NO. 11A, 1ST. FLOOR (MALAY TOWN)@JALAN PUTRA SQUARE 2@PUTRA SQUARE@KUANTAN@C@25200
494409@H@INTISARI MULIA ENGINEERING SDN. BHD.@21/9/1999@S@40B-2, JALAN 6/21D@MEDAN IDAMAN@JALAN GOMBAK@KUALA LUMPUR@W@53100
496272@M@WIRA KERJAYA SDN. BHD.@14/10/1999@S@RUMAH JPS N/TO@JALAN BUMBONG LIMA@KG TITI MERDEKA,KEPALA BATAS@SEBERANG PERAI UTARA@P@13200
499467@W@ASB RESOURCES SDN. BHD.@22/11/1999@S@LOT NO.1, (DBKK NO.1.1), 1ST FLOOR,@WISMA KOLOMBONG, JALAN KOLOMBONG,@MILE 5½, OFF JALAN TUARAN@KOTA KINABALU@S@88450
500292@X@KAMAL ENGINEERING SDN. BHD.@1/12/1999@S@NO.2-1,JALAN PJS 8/10@DATARAN MENTARI@BANDAR SUNWAY@PETALING JAYA@B@46150
500940@T@SELIA SELENGGARA SDN. BHD.@10/12/1999@S@B-05 & B-06, PLAZA KELANA JAYA@JALAN SS7/13B, KELANA JAYA@NULL@PETALING JAYA@B@47301
502425@P@SPAZ SDN. BHD.@29/12/1999@S@NO. 802, 8TH FLOOR, BLOCK C@KELANA SQUARE@17 JALAN SS7/26@PETALING JAYA@B@47301
502611@X@DARULAMAN HOMEOPATHIC LABORATORIES (M) SDN. BHD.@2/1/2000@S@2179-A, LRG. KAMPUNG PISANG@NULL@NULL@ALOR SETAR@K@5100
502780@A@DALIA INDUSTRIES SDN. BHD.@4/1/2000@S@LOT NO.1, JALAN LENGKOK EMAS@KAWASAN PERINDUSTRIAN NILAI@NULL@NILAI@N@71800
503269@T@MACRO MARINE SDN. BHD.@20/1/2000@S@NO. 4A,JALAN SKUDAI KIRI@TAMPOI@NULL@JOHOR BAHRU.@J@81200
505250@T@GLOBAL FACILITIES MANAGEMENT SDN. BHD.@11/2/2000@S@NO.554,GROUND FLOOR@JALAN SAMUDRA UTARA 1@TAMAN SAMUDRA@BATU CAVES@B@68100
506817@H@PERUNDING HJRS SDN. BHD.@1/3/2000@S@14A,JALAN LAPANGAN TERBANG@OFF JALAN RAJA DR. NAZRIN SHAH@NULL@IPOH@A@31350
507184@D@SURIA RESORTS MANAGEMENT SDN. BHD.@6/3/2000@S@NO. 66A, DAMAI COMPLEX@JALAN LUMUT@OFF JALAN IPOH@KUALA LUMPUR@W@50400
507897@P@D-JAH CORPORATION SDN. BHD.@13/3/2000@S@40-A, JALAN UDA UTAMA 3/15@BANDAR UDA UTAMA@NULL@JOHOR BAHRU@J@81300
509848@X@JPB ASIA PACIFIC SDN. BHD.@3/4/2000@S@35, 1ST FLOOR, JALAN KELISA EMAS 1@TAMAN KELISA EMAS@NULL@SEBERANG JAYA@P@13700
510197@A@KELISA TECHNOLOGY SDN. BHD.@5/4/2000@S@22-2, JALAN 1/76C@DESA PANDAN@NULL@KUALA LUMPUR@W@55100
510247@A@SIGNIFICANT TECHNOLOGIES SDN. BHD.@5/4/2000@S@8-40-1A & 1B, JALAN PAHAT H 15/H@KOMPLEKS OTOMOBIL, SEKSYEN 15@NULL@SHAH ALAM@B@40200
512608@U@MALAYSIA MICROELECTRONIC SOLUTIONS SDN. BHD.@26/4/2000@S@NO.1-08-03, BLOK 1, PERSINT ALAMI@PUSAT PERDAGANGAN WORLDWIDE 2@PERSIARAN AKUATIK, SEKSYEN 13@SHAH ALAM@B@40100
514669@P@UZMA ENGINEERING SDN. BHD.@19/5/2000@S@802, 8TH FLOOR, BLOCK C@KELANA SQUARE@17 JALAN SS 7/26, KELANA JAYA@PETALING JAYA@B@47301
516973@M@ARKISKAPE SDN. BHD.@16/6/2000@S@32F, 1ST FLOOR@MENDU COMMERCIAL CENTRE@PHASE III, JALAN MENDU@KUCHING@E@93200
518743@T@FOCUS ARCHITECTS AND URBAN PLANNERS SDN. BHD.@3/7/2000@S@D-6-12, BLOCK D, OASIS SQUARE@NO.2, JALAN PJU 1A/7A@OASIS DAMANSARA@PETALING JAYA@B@47301
522283@D@ROHANA NURSERY & TRADING SDN. BHD.@1/8/2000@S@LOT 2430, KAMPUNG CACAR@BATU 2 1/2@JALAN PAKA-KERTEH, PAKA@DUNGUN@T@23100
522562@P@ALAM DINGIN AIR-CONDITIONING ENGINEERING SDN. BHD.@3/8/2000@S@WISMA 1 ALLIANCE, UNIT 3A-B (ROOM B)@4TH FLOOR, NO.1, LORONG KASAWARI 4B@TAMAN ENG ANN@KLANG@B@41150
524536@A@PBJV GROUP SDN. BHD.@24/8/2000@S@LOT 6.05,LEVEL 6 KPMG TOWER@8,FIRST AVENUE@BANDAR UTAMA@PETALING JAYA@B@47800
525082@K@RANHILL UTILITIES SDN BHD@30/8/2000@S@LEVEL 13, WISMA PERKESO@155, JALAN TUN RAZAK@NULL@KUALA LUMPUR@W@50400
525411@V@JCB OIL & GAS SERVICES SDN. BHD.@6/9/2000@S@LOT 4 & 5, LEVEL 7,@WISMA DAMAI POINT,@LUYANG,@KOTA KINABALU@S@88300
526009@D@DASACON SDN. BHD.@13/9/2000@S@NO. 18 TKT 1, TAMAN SRI MAWAR@JALAN BY PASS@NULL@PORT DICKSON@N@71000
526473@W@GAGASAN CARRIERS SDN. BHD.@18/9/2000@S@NO. 10-C, KOMPLES DAMAI@JALAN LUMUT@OFF JALAN TUN RAZAK@KUALA LUMPUR@W@50400
530012@V@SAZ DESIGN CONSULTANTS SDN. BHD.@25/10/2000@S@3D-1 & 3D-2@JALAN LARKIN@OFF JALAN TUN ABD RAZAK@JOHOR BAHRU@J@80200
530523@X@NETCARBON SDN. BHD.@31/10/2000@S@NO.4,JALAN SG 3/2@PUSAT BANDAR SERI GOMBAK@TAMAN SERI GOMBAK@BATU CAVES@B@68100
534715@H@ASIA PACIFIC FLIGHT TRAINING SDN. BHD.@13/12/2000@S@UNIT 07-02, LEVEL 7@PERSOFT TOWER@6B PERSIARAN TROPICANA@PETALING JAYA@B@47410
536572@D@WIDAD BUILDERS SDN. BHD.@11/1/2001@S@WBG PENTHOUSE, WIDAD SEMANTAN (WISE)@NO.3, JALAN SEMANTAN@DAMANSARA HEIGHTS@KUALA LUMPUR@W@50490
538489@X@TECHNO MATRIX RESOURCES SDN. BHD.@7/2/2001@S@36-2,SUITE B,JALAN HARUAN 5/2@OAKLAND COMMERCE SQUARE@SEREMBAN,N.S@SEREMBAN@N@70300
541907@H@TRANSIENT RESOURCES SDN. BHD.@14/3/2001@S@NO. 15, PERSIARAN DAMANSARA ENDAH@BUKIT DAMANSARA@NULL@KUALA LUMPUR@W@50490
542312@P@TAKEOFF ENGINEERING SDN. BHD.@19/3/2001@S@LOT SH-8, 1ST FLOOR@PADIMAS POINT@JALAN BY-PASS PENAMPANG@PENAMPANG@S@88300
543865@M@MYSYSNET SDN. BHD.@4/4/2001@S@SUITE 7E, LEVEL 7 MENARA ANSAR@65, JALAN TRUS@NULL@JOHOR BAHRU@J@80000
549156@U@NOBLE STAR SERVICES SDN. BHD.@31/5/2001@S@63 A, JALAN SNUKER 13/26,@SEKSYEN 13@NULL@SHAH ALAM@B@40100
549954@A@MAYSVILLE SDN. BHD.@12/6/2001@S@NO. 239, LOT 38-43, 1ST FLOOR,@MARA SHOPLOTS, PARKCITY COMMERCIAL@CENTRE (PHSE 3), JALAN TUN AHMAD ZAIDI,@BINTULU@E@97000
550634@D@KONTRAKTOR FOKUS NIAGA SDN. BHD.@19/6/2001@S@SUITE 3.25, 3RD FLOOR,@KOMPLEKS ASIA CITY,@JALAN ASIA CITY,@KOTA KINABALU@S@88000
550991@A@PASARAYA BORONG SAKAN SDN. BHD.@22/6/2001@S@NO. 21 (1ST FLOOR)@JALAN CHEW BOON JUAN@NULL@IPOH@A@30250
551590@D@AESTHETIC MEDICAL SERVICES SDN. BHD.@28/6/2001@S@15B,2ND FLOOR@BANGUNAN SULTAN@JALAN BANGSAR@KUALA LUMPUR@W@59200
552719@U@ENDONA CORPORATION SDN. BHD.@9/7/2001@S@NO.9-G, JALAN JELATEK 2@JELATEK BUSINESS PARK@NULL@KUALA LUMPUR@W@54200
554434@X@WILAYAH PERSEKUTUAN INFRASTRUCTURE SDN. BHD.@26/7/2001@S@63,LEVEL 1,JALAN DATO HAJI EUSOFF@DAMAI COMPLEX@OFF JALAN IPOH,K.LUMPUR@KUALA LUMPUR@W@50400
555533@H@VEI POWER DISTRIBUTION (MALAYSIA) SDN. BHD.@7/8/2001@S@NO. 10-1 JALAN KIJANG SATU@TAMAN SUNTEX@BATU 9@CHERAS@B@43200
556407@H@EFFICIENT TECHNOLOGY SDN. BHD.@16/8/2001@S@SUITE 23-05,23RD FLOOR@MENARA ZURICH@JALAN DATO ABDULLAH TAHIR@JOHOR BAHRU@J@80300
556853@V@GLOBAL GLOBE (M) SDN. BHD.@21/8/2001@S@NO. 341 B & C, LORONG SARAWAK@TAMAN MELAWATI URBAN 1@NULL@KUALA LUMPUR@W@53100
556986@M@AGROSEGAR SDN. BHD.@22/8/2001@S@NO. 22, JALAN PELANGI@OFF JALAN BATU TIGA LAMA@NULL@KLANG@B@41300
557553@A@IC MICROSYSTEMS SDN. BHD.@28/8/2001@S@UNIT B-G-03@SME TECHNOPRENEUR CENTRE 2@2260,JALAN USAHAWAN 1@CYBERJAYA@B@63000
558192@X@I-ILHAM CORPORATION SDN. BHD.@6/9/2001@S@SUITE 8 & 9, LOT 533-534@JALAN SATOK@NULL@KUCHING@E@93400
561684@P@PUNCAK BUMI UTAMA SDN. BHD.@15/10/2001@S@NO. 1-1, LORONG USAHANIAGA 3@TAMAN USAHANIAGA@NULL@BUKIT MERTAJAM@P@14000
562648@K@ALPINIA MURNI SDN. BHD.@25/10/2001@S@1ST FLOOR LOT 2761@BLOCK 10 KCLD@JALAN TUN AHMAD ZAIDI ADRUCE@KUCHING@E@93150
568309@A@MID-PASTEL RESOURCES SDN. BHD.@9/1/2002@S@NO 66A, DAMAI COMPLEX@JALAN LUMUT@OFF JALAN IPOH@KUALA LUMPUR@W@50400
570332@U@MEGA SASA SDN. BHD.@31/1/2002@S@2179-A, LRG.KAMPUNG PISANG@ALOR SETAR@NULL@ALOR SETAR@K@5100
570943@W@K-FRONTIERS SDN. BHD.@7/2/2002@S@UNIT 5, LEVEL 3@SOON HUP TOWER JALAN MAJU@NULL@MIRI@E@98000
577421@H@FUNCEL SDN. BHD.@17/4/2002@S@149A JALAN AMINUDDIN BAKI@TAMAN TUN DR ISMAIL@NULL@KUALA  LUMPUR@W@60000
578003@M@ARKITEK SENIFORMASI SDN. BHD.@22/4/2002@S@LOT 10730, NO.65D, 2ND FLOOR,@SECTION 64, KTLD,@JALAN MENDU,@KUCHING@E@93200
578835@U@SALEH TRUCK & TRAILER MANUFACTURER SDN. BHD.@3/5/2002@S@LOT 14,1ST FLR@LIKAS LIGHT INDUST.CTR@BT.5 1/2,JALAN TUARAN@KOTA KINABALU@S@89407
578874@M@FOREST INTERACTIVE SDN. BHD.@3/5/2002@S@A-6-1/1,BLOK A@MEGAN PHILEO PROMENADE@189 JALAN TUN RAZAK,KUALA LUMPUR@KUALA LUMPUR@W@50400
579353@K@DISB BUILDERS SDN. BHD.@8/5/2002@S@NO.16-1,JALAN 2/23A@TAMAN DANAU KOTA@OFF JALAN GENTING KELANG,K.LUMPUR@KUALA LUMPUR@W@53300
580515@T@MEDITECH GLOVES SDN. BHD.@17/5/2002@S@NO. 3, 1ST FLOOR, JALAN MEDAN PUSAT 2D@3B CURVE BUSINESS PARK@PUSAT BANDAR BANGI@BANDAR BARU BANGI@B@43650
582111@U@JANA DCS SDN. BHD.@6/6/2002@S@UNIT C508 BLOCK C@KELANA SQUARE@JALAN SS 7/26,KELANA JAYA@PETALING JAYA@B@47301
582772@U@BAHTERA OFFSHORE (M) SDN. BHD.@13/6/2002@S@NO.18-2,JALAN 15/48A@SENTUL RAYA BOULEVARD@NULL@KUALA LUMPUR@W@51000
583108@X@MZM TECHNOLOGY (M) SDN. BHD.@17/6/2002@S@NO. 74, LOT 253, 2ND FLOOR@PAKA BUSINESS CENTRE@PAKA@ DUNGUN@T@23100
586153@T@CASA ARMADA SDN. BHD.@12/7/2002@S@LOT 15672@KAWASAN PERINDUSTRIAN JAKAR 3@CHUKAI@KEMAMAN@T@24000
588569@U@PROTUBE SERVICES SDN. BHD.@6/8/2002@S@PT 16093 & PT 16094@TAMAN CHUKAI UTAMA@JALAN KUBANG KURUS@KEMAMAN@T@24000
591818@M@MATRIX POWER NETWORK SDN. BHD.@9/9/2002@S@E-7-3 7TH FLOOR BLOCK E@MEGAN AVENUE 1@NO 1 189 JALAN TUN RAZAK@KUALA LUMPUR@W@50400
592188@P@KIST GROUP HOLDINGS SDN. BHD.@12/9/2002@S@LOT 1798 - 1800@MUKIM TELONG@KANDIS@BACHOK@D@16300
592679@X@KEMUDI TIMUR ELEKTRONIK SDN. BHD.@16/9/2002@S@SUITE 3.2, LEVEL 3@343, JALAN SULTAN IBRAHIM@NULL@KOTA BHARU@D@15150
594903@X@ELANZ DESIGN BUILD SDN. BHD.@7/10/2002@S@15A,JALAN SG 3/4@PUSAT BANDAR SRI GOMBAK@BATU CAVES,SELANGOR@BATU CAVES@B@68100
595546@H@AIMS-GLOBAL ENGINEERING SDN. BHD.@12/10/2002@S@NO. 20  & 21, BLOCK B@BESTARI CENTRE@JALAN HILIRAN@KUALA TERENGGANU@T@20300
595562@M@ATTIN PRESS SDN. BHD.@12/10/2002@S@NO.11-2@JALAN PANTAI MURNI 2@PANTAI DALAM@KUALA LUMPUR@W@59200
597446@W@MENARA REZEKI SDN. BHD.@31/10/2002@S@303B JALAN MAHKOTA@TAMAN MALURI@NULL@KUALA  LUMPUR@W@55100
599876@K@SOFT TRIANGLE SERVICES SDN. BHD.@26/11/2002@S@NO.46-A JALAN ARA SATU@TAMAN RINTING@MASAI,JOHOR@MASAI@J@81750
599890@T@QUARK ENERGY SYSTEM SDN. BHD.@26/11/2002@S@SUITE 1B-1-1,BLOCK 1B,PLAZA SENTRAL@KUALA LUMPUR SENTRAL@JALAN STESEN SENTRAL 5@KUALA LUMPUR@W@50470
600641@U@JURUUKUR BAHAN TEMA SDN. BHD.@4/12/2002@S@1ST FLOOR, LOT 10873,@SECTION 64, JALAN MENDU,@NULL@KUCHING@E@93200
600849@V@OROGENIC HOLDINGS SDN. BHD.@12/12/2002@S@NO 15, PERSIARAN DAMANSARA ENDAH@BUKIT DAMANSARA@NULL@KUALA LUMPUR@W@50490
604023@X@AL RIDHWEE HOLDINGS (M) SENDIRIAN BERHAD@20/1/2003@S@NO.14,LORONG SEPAKAT@JALAN DATO' KUMBAR@ALOR SETAR@ALOR SETAR@K@5300
605045@K@HMN NADHIR SDN. BHD.@28/1/2003@S@2ND FLOOR, LOT 4080@SUKMA COMMERCIAL CENTRE@JALAN SULTAN TENGAH@KUCHING@E@93050
605841@U@AZ-ONE INDUSTRY (M) SDN. BHD.@10/2/2003@S@NO. 16,@LENGKOK CEMPAKA 1,@BANDAR AMANJAYA@SUNGAI PETANI@K@8000
606305@T@OTAK-OTAK MR NOH (JOHOR BAHRU) SDN. BHD.@17/2/2003@S@NO. 15-01, JALAN PADI EMAS 6/2@BANDAR BARU UDA@NULL@JOHOR BAHRU@J@81200
607408@W@INTEGRATED LOGISTICS SOLUTIONS SDN. BHD.@26/2/2003@S@LOT 6.05, LEVEL 6, KPMG TOWER@8 FIRST AVENUE, BANDAR UTAMA@NULL@PETALING JAYA@B@47800
608795@H@MACES SDN. BHD.@12/3/2003@S@LEVEL 22, MAJU TOWER@1001 JALAN SULTAN ISMAIL@NULL@KUALA LUMPUR@W@50250
611289@H@JARIZ TECHNOLOGIES SDN. BHD.@4/4/2003@S@NO. 28A, JALAN PALMA A1@SERI PALMA, BANDAR SERI BOTANI@NULL@IPOH@A@31350
612843@A@DNP CONSULT SDN. BHD.@22/4/2003@S@136 FIRST FLOOR@JALAN PAHANG@NULL@KUALA LUMPUR@W@53000
612946@X@SMC PROSPECT SDN. BHD.@23/4/2003@S@10B, LORONG PERDA SELATAN 2@BANDAR PERDA@NULL@BUKIT MERTAJAM@P@14000
613028@X@INTEGRATED WELL SERVICES SDN. BHD.@23/4/2003@S@SUITE NO. 11A, JALAN LAWAN PEDANG 13/27@SECTION 13, TADISMA BUSINESS PARK@NULL@SHAH ALAM@B@40100
613982@T@MUTIARA MOTORSPORTS SDN. BHD.@2/5/2003@S@NO. 23A, JALAN PEMBANGUNAN@OFF JALAN TAMPOI@TAMAN DESA RAHMAT@JOHOR BAHRU@J@81200
615681@M@BRICKWELL ENGINEERING SDN. BHD.@20/5/2003@S@LOT 4135 - 4137@KAWASAN PERINDUSTRIAN@PENGJALAN CHEPA II@KOTA BHARU@D@16100
617436@W@ALIVE UNIVERSAL SDN. BHD.@4/6/2003@S@NO. 59, PERSIARAN TUNA@SEBERANG JAYA@NULL@PRAI@P@13700
619800@H@IPTB SDN. BHD.@26/6/2003@S@238-2B, JALAN HARUAN 5/6,@PUSAT KOMERSIAL OAKLAND 2,@NULL@SEREMBAN@N@70300
619841@D@ECE TECHNOLOGIES SDN. BHD.@26/6/2003@S@NO. 7A JALAN SNUKER 13/28@TADISMA BUSINESS PARK@SEKSYEN 13@SHAH ALAM@B@40100
621484@X@ERP TWO ONE TECHNOLOGIES & INNOVATIONS SDN. BHD.@12/7/2003@S@NO. 554, GROUND FLOOR@JALAN SAMUDRA UTARA 1@TAMAN SAMUDRA@BATU CAVES@B@68100
624541@A@RANACO EDUCATION AND TRAINING INSTITUTE SDN. BHD.@10/8/2003@S@PT 11271 TINGKAT 1@JALAN KUBANG KURUS@TAMAN CUKAI UTAMA@KEMAMAN@T@24000
626168@K@INTER AVER SDN. BHD.@26/8/2003@S@K 9660, TAMAN CUKAI UTAMA@NULL@NULL@KEMAMAN@T@24000
626892@H@AXIS TECHNOLOGY RESOURCES (M) SDN. BHD.@2/9/2003@S@NO. 7-1, JALAN OPERA D U2/D@TTDI JAYA@NULL@SHAH ALAM@B@40150
630211@D@GENIUS FACTORS SDN. BHD.@2/10/2003@S@7A-1, JALAN PERMAS 1/25@BANDAR BARU PERMAS JAYA@NULL@MASAI@J@81750
630804@K@PRESTARIANG SYSTEMS SDN. BHD.@8/10/2003@S@LEVEL 7, MENARA MILENIUM@JALAN DAMANLELA, PUSAT BANDAR DAMANSARA@DAMANSARA HEIGHTS@KUALA LUMPUR@W@50490
634727@D@BENTENG KERJAYA SDN. BHD.@18/11/2003@S@E203 KELANA PARKVIEW NO. 1 JALAN SS 6/2@KELANA JAYA@NULL@PETALING JAYA@B@47301
634787@U@KFM HOLDINGS SDN. BHD.@18/11/2003@S@MENARA UOA BANGSAR@A-33-1, LEVEL 33, TOWER A@NO. 5, JALAN BANGSAR UTAMA 1, BANGSAR@KUALA LUMPUR@W@59000
634843@A@TIMUR AUTOMATION ENGINEERING SDN. BHD.@18/11/2003@S@NO.38-1, JALAN WANGSA SETIA 3@WANGSA MELAWATI@NULL@KUALA LUMPUR@W@53300
637184@W@HIGHBASE STRATEGIC SDN. BHD.@16/12/2003@S@A-06-G-1-2-3@JALAN MEDAN PUSAT BANDAR 5@PARAGON POINT, SEKSYEN 9@BANDAR BARU BANGI@B@43650
639896@P@MTK COMMUNICATION SDN. BHD.@15/1/2004@S@SUITE 568-10-36, LEVEL 10@KOMPLEKS MUTIARA@BATU 3 1/2, JALAN IPOH@KUALA LUMPUR@W@51200
643478@M@OSA TECHNOLOGY SDN. BHD.@25/2/2004@S@NO 36A JALAN DATUK SULAIMAN@TAMAN TUN DR ISMAIL@NULL@KUALA LUMPUR@W@60000
643490@U@FEIRAN TECHNOLOGY SDN. BHD.@25/2/2004@S@B-11-01-& B-11-02,11TH FLOOR,@TOWER B,PJ TRADE CENTRE,NO:8,JALAN@PJU 8/8A,BDR D'SARA PERDANA,PJU 8,@PETALING JAYA@B@47820
645233@H@UFUK SEMARAK SDN. BHD.@11/3/2004@S@NO 38-1,PERSIARAN 65C@PEKELILING BUSINESS CENTRE@JALAN PAHANG BARAT@KUALA LUMPUR@W@53000
646793@U@WAN MALINJA FOOD INDUSTRIES SDN. BHD.@25/3/2004@S@NO. 44A, JALAN PADI 1,@BANDAR BARU UDA,@NULL@JOHOR BAHRU@J@81200
650435@X@ROYCE PHARMA MANUFACTURING SDN. BHD.@26/4/2004@S@7A 7TH FLOOR PEARL COURT@61 JALAN THAMBY ABDULLAH@NULL@KUALA LUMPUR@W@50470
651842@H@ROPETECH SDN. BHD.@10/5/2004@S@LOT 2317,2ND FLOOR@JALAN DATUK MUIP@BULATAN COMMERCIAL CENTRE,@MIRI@E@98000
653711@W@STEALTH SOLUTIONS SDN. BHD.@25/5/2004@S@5-21 JALAN PJU 6@PUSAT PERDAGANGAN PELANGI SQUARE@PELANGI DAMANSARA PJU 6, PERSIARAN SURIAN@PETALING JAYA@B@47800
653979@X@RENEWABLE POWER SDN. BHD.@26/5/2004@S@12-3, WISMA ABADI MAN NIEN@JALAN 3/109C@TAMAN ABADI INDAH,K.L.@KUALA LUMPUR@W@58100
656680@D@TERAJU CONSTRUCTION SDN. BHD.@21/6/2004@S@61 A, JALAN BADMINTON 13/29@SEKSYEN 13@NULL@SHAH ALAM@B@40100
657266@M@STRASS SOLUTIONS SDN. BHD.@24/6/2004@S@NO.18, JALAN PJU 3/41@SUNWAY DAMANSARA@NULL@PETALING JAYA@B@47810
659474@X@TUJUAN GEMILANG SDN. BHD.@14/7/2004@S@LEVEL 18, BLOCK A, MENARA MUSTAPHA KAMAL@PJ TRADE CENTRE, NO:8 JALAN PJU 8/8A@BANDAR DAMANSARA PERDANA@PETALING JAYA@B@47820
664421@K@MARANOCORP INDUSTRIES (M) SDN. BHD.@30/8/2004@S@NO.33,JALAN USJ 21/11@USJ CITY CENTRE IV@UEP SUBANG JAYA@SUBANG JAYA@B@47630
667422@D@HADID ENGINEERING (M) SDN. BHD.@27/9/2004@S@87C, JALAN DIPLOMATIK@PERSINT 15@NULL@PUTRAJAYA@U@62050
670612@V@NUTRIWIRA SDN. BHD.@26/10/2004@S@2-6-5,MENARA KLH BUSINESS CENTRE@NO.2,JALAN KASIPILLAY@OFF 2 1/2 MILE,JALAN IPOH@KUALA LUMPUR@W@51200
674195@M@SETEGAP VENTURES PETROLEUM SDN. BHD.@7/12/2004@S@NO 5-4-2,JALAN 2/50@DIAMOND SQUARE@OFF JALAN GOMBAK@KUALA LUMPUR@W@53000
676970@T@MALAYSIAN FORMULA BIKES SDN. BHD.@31/12/2004@S@NO.116-A, JALAN SULTAN ABDUL SAMAD@NULL@NULL@KUALA LUMPUR@W@50470
677001@P@DARUL KHUSUS VENTURE SDN. BHD.@31/12/2004@S@NO.406,JALAN HARUAN 4/1@OAKLAND COMMERCIAL CENTRE@NULL@SEREMBAN@N@70200
677368@P@MITC ANCASA HOTEL (M) SDN. BHD.@4/1/2005@S@NO.40-1A&1B, TINGKAT 1@BLOK 8, JALAN PAHAT H 15/H@KOMPLEKS OTOMOBIL, SEKSYEN 15@SHAH ALAM@B@40200
678246@M@PERNIAGAAN HAJI ISMAIL GROUP SDN. BHD.@11/1/2005@S@NO.22-C, 2ND FLOOR@JALAN TELOK WANJAH@NULL@ALOR SETAR@K@5200
678731@A@SPECTRA QUEST SDN BHD@18/1/2005@S@NO. 15A, JALAN DEDAP 23,@TAMAN JOHOR JAYA@NULL@JOHOR BAHRU@J@81100
678941@A@AUEI TERAS HOLDINGS SDN. BHD.@19/1/2005@S@PT 1047@TINGKAT 1@BANDAR BARU KUBANG KERIAN@KOTA BHARU@D@16150
682595@U@AMAT TULUS SDN. BHD.@28/2/2005@S@LOT 46077-C, KAMPUNG SUNGAI TUA@TANAH GANTIAN@BATU 9, MUKIM GOMBAK@BATU CAVES@B@68100
683011@P@STAR MEDIK SDN. BHD.@3/3/2005@S@NO 554, GROUND FLOOR@JALAN SAMUDRA UTARA 1@TAMAN SAMUDRA@BATU CAVES@B@68100
684870@A@ABA GAS TECHNOLOGIES SDN. BHD.@17/3/2005@S@45A,JALAN SG 3/10@PUSAT BDR SRI GOMBAK@BT.CAVES,SELANGOR@BATU CAVES@B@68100
686929@H@HOSPITAL PAKAR AN-NUR HASANAH SDN. BHD.@1/4/2005@S@17-4-1, JALAN SEMARAK API 2@DIAMOND SQUARE@OFF JALAN GOMBAK@KUALA LUMPUR@W@53000
691490@K@BUMI TERUS MAJU HOLDING SDN. BHD.@13/5/2005@S@A5, TINGKAT 2@KUANTAN AVENUE@JALAN BESERAH@KUANTAN@C@25250
691769@P@OREA TECHNOLOGIES SDN. BHD.@16/5/2005@S@1-3-9, JALAN 1/50@OFF JALAN GOMBAK@DIAMOND SQR. COMMERCIAL CENTRE,K.L@KUALA LUMPUR@W@53000
692906@P@SUBSEA EXPLORE SERVICES (M) SDN. BHD.@28/5/2005@S@SUITE 102, B09/2, BLOK B, 2ND FLOOR@PUSAT PERDAGANGAN TAMAN DAGANG@JALAN DAGANG BESAR@AMPANG@B@68000
701003@V@ROSFANIAGA SERVICES SDN. BHD.@25/6/2005@S@NO.1,LOT 2007@RUMAH KEDAI RPR@PIASAU JAYA FASA 2@MIRI@E@98000
702664@W@BMAH PROPERTIES SDN. BHD.@12/7/2005@S@6-3,3RD.FLOOR,BLOCK F@INANAM BUSINESS CENTRE@BATU 6,JALAN TUARAN@KOTA KINABALU@S@88450
705531@T@HG SOLUTION SDN. BHD.@8/8/2005@S@SUITE NO 11A@JALAN LAWAN PEDANG 13/27@SECTION 13, TADISMA BUSINESS PARK@SHAH ALAM@B@40100
705873@K@PB TEKNIK SDN. BHD.@10/8/2005@S@LOT 19, 3RD FLOOR, PLAZA JUTA,@JALAN TUARAN@NULL@KOTA KINABALU@S@89407
707145@P@MAXIM ENERGY RESOURCES SDN. BHD.@22/8/2005@S@13C,3RD FLOOR.BLOK 1@WORLWIDE BUSINESS PARK@JALAN TINJU 13/50,SEK.13@SHAH ALAM@B@40675
708006@M@OILFIELD TECHNICAL INSPECTION SDN. BHD.@30/8/2005@S@66-2 JALAN 2/23A@DANAU KOTA@OFF JALAN GENTING KELANG SETAPAK@KUALA LUMPUR@W@53300
709626@H@ASIAN OFFSHORE SERVICES SDN. BHD.@14/9/2005@S@L11-05 LEVEL 11@BREM MALL JALAN KEPONG@NULL@KUALA  LUMPUR@W@52000
710033@H@ASTRA SIMFONI SDN. BHD.@19/9/2005@S@NO. 26A, JALAN BOLA TAMPAR 13/14@SEKSYEN 13@NULL@SHAH ALAM@B@40100
710220@U@ZENN HRB SDN. BHD.@19/9/2005@S@NO. 110A@JALAN RAJA EKRAM@NULL@IPOH@A@30450
710515@P@TAJ VISION SDN. BHD.@22/9/2005@S@NO. 100-102@JALAN TUN ABDUL RAZAK@NULL@IPOH@A@30100
712829@P@TOKOH ILHAM SDN. BHD.@17/10/2005@S@192G, 3RD FLOOR,@AL-IDRUS COMMERCIAL CENTRE,@JALAN SATOK,@KUCHING@E@93400
714003@H@RF TEMS SDN. BHD.@27/10/2005@S@A1136, TINGKAT `@JALAN TELUK SISEK@NULL@KUANTAN@C@25050
715329@T@BINA INTEGRATED INDUSTRIES SDN. BHD.@18/11/2005@S@E-1-12, TINGKAT 1@JALAN UKAY BISTARI@TAMAN UKAY BISTARI@AMPANG@B@68000
716772@T@TRIUMPHANT GALLERY SDN. BHD.@1/12/2005@S@NO.5-3,JALAN 109F@PLAZA DANAU U@TAMAN DANAU DESA@KUALA LUMPUR@W@58100
717106@D@MESSER & SAEGEN PRODUCTS SDN. BHD.@5/12/2005@S@NO. 6, TINGKAT 1@SUITE 2, LEBUH TENGGIRI 2@BANDAR SEBERANG JAYA@PERAI@P@13700
718637@W@MENAWAR PERKHIDMATAN LANDSKAP SDN. BHD.@19/12/2005@S@16-2B, JALAN BANDAR 2@PUSAT BANDAR PUCHONG@NULL@PUCHONG@B@47100
721452@M@NATURAL WELLNESS HOLDINGS (M) SDN. BHD.@18/1/2006@S@88-3, 3RD FLOOR, WISMA KGMB,@JALAN DATO HAJI EUSOFF,@NULL@KUALA LUMPUR@W@50400
722697@H@PETROHUB CORPORATION SDN. BHD.@3/2/2006@S@UNIT 08-11, 8TH FLOOR,@WISMA DAMAI POINT,@NULL@KOTA KINABALU@S@88300
723353@W@S & A  ARCHITECTS SDN. BHD.@10/2/2006@S@NO.307,1ST FLOOR@JALAN MAHKOTA@TAMAN MALURI@CHERAS@B@55100
727914@P@RED PROFILE SDN. BHD.@24/3/2006@S@LOT 609, SUBLOT 1814(UNIT NO. 17)@KOMPLEKS KILANG SME BANK, BATU 10@JALAN KUCHING-SERIAN@KUCHING@E@93250
730220@H@ROAD ASPHALT SDN. BHD.@17/4/2006@S@NO. G-54, JJALAN PINANG 52@TAMAN DAYA@NULL@JOHOR BAHRU@J@81100
731399@X@SIGMA SETIA SDN. BHD.@25/4/2006@S@SUITE 1606, PLAZA PENGJALAN@JALAN TIONG@3RD MILE JALAN IPOH@KUALA LUMPUR@W@51100
732104@K@VICEAST CORPORATION SDN. BHD.@2/5/2006@S@LOT 5.42, 5TH FLOOR@WISMA CENTRAL@JALAN AMPANG@KUALA LUMPUR@W@50450
734258@V@GLOBAL RESOURCES ENGINEERING SDN. BHD.@19/5/2006@S@NO 24B, JALAN JEJAKA 5@TAMAN MALURI@NULL@KUALA LUMPUR@W@55100
736632@M@REMANG OFFSHORE SUPPLIES SDN. BHD.@6/6/2006@S@LOT 5568@1ST & 2ND FLOOR@BANDAR BARU PERMJAYA@MIRI@E@98100
736932@U@FIBER AT HOME CITY NETWORKS SDN. BHD.@8/6/2006@S@16TH FLOOR, KH TOWER@8 LORONG P.RAMLEE@NULL@KUALA LUMPUR@W@50250
740886@A@HEXAGON SYNERGY (M) SDN. BHD.@13/7/2006@S@NO.40-2@JALAN 14/48A@SENTUL RAYA@KUALA LUMPUR@W@51000
743582@H@NASMIR HARD GELATIN CAPSULES SDN. BHD.@8/8/2006@S@NO 1639, JALAN PERUSAHAAN BKT TENGAH,@TAMAN PELANGI,@NULL@BUKIT MERTAJAM@P@13600
746343@K@AALON TRADING (SABAH) SDN. BHD.@6/9/2006@S@LOT 8,@PEKAN KINARUT,@NULL@PAPAR@S@89608
748465@U@INTELLIGENT CORE SDN. BHD.@25/9/2006@S@NO. 28 JALAN BERANGAN@NULL@NULL@KUALA LUMPUR@W@50200
748697@M@UNIC LEISURE TRANSTOUR SDN. BHD.@27/9/2006@S@DEPOH BAS, JALAN PERMATANG ARA@BUKIT MERAH@NULL@PERMATANG PAUH@P@13500
749257@K@REDANG DIGITAL SDN. BHD.@3/10/2006@S@NO.6, TINGKAT 2@PERMINT HARMONI@JALAN BATAS BARU@KUALA TERENGGANU@T@20300
754740@D@A-TRANSGLOBAL LOGISTICS SDN. BHD.@28/11/2006@S@32-4-2 DIAMOND SQUARE@JALAN SEMARAK API 3@NULL@KUALA LUMPUR@W@53000
755446@K@ALMAS COLLECTION SDN. BHD.@5/12/2006@S@LOT 2.10, LEVEL 2@WISMA SATOK@JALAN SATOK/KULAS@KUCHING@E@93400
759342@A@SUBSEA SUPPLIES SDN. BHD.@15/1/2007@S@NO.38-5-1,JALAN 2/101C@CHERAS BUSINESS CENTRE@BATU 5,JALAN CHERAS@KUALA LUMPUR@W@56100
759475@T@SUKIMI LUBE (M) SDN. BHD.@16/1/2007@S@UNIT 11-3A, 3RD MILE SQUARE@NO. 151, JALAN KLANG LAMA@BATU 3 1/2@KUALA LUMPUR@W@58100
762992@X@PRIMUS CORE SDN. BHD.@15/2/2007@S@B-3-9,3RD FLOOR@BLOCK B,MEGAN AVENUE II@NO.12,JALAN YAP KWAN SENG@KUALA LUMPUR@W@50450
763047@V@TRISTAR ORIENT SDN. BHD.@15/2/2007@S@LOT 1381 LORONG PERUSAHAAN 12@PRAI INDUSTRIAL ESTATE@NULL@PRAI@P@13600
767453@U@DREAMEDGE SDN. BHD.@28/3/2007@S@E-2-12, BLOCK E, PLAZA DAMAS@JALAN SRI HARTAMAS 1@NULL@KUALA LUMPUR@W@50480
769744@M@THE ECEOS SDN. BHD.@16/4/2007@S@SUITE B19, 1ST FLOOR@PLAZA PEKELILING@JALAN TUN RAZAK@KUALA LUMPUR@W@50400
771047@K@TLT POWER SDN. BHD.@25/4/2007@S@NO 6A, JALAN 4/12B@SEKSYEN 4 TAMBAHAN@NULL@BANDAR BARU BANGI@B@43650
774676@U@ZINON FOOD INDUSTRY SDN. BHD.@24/5/2007@S@961, TINGKAT 1,@KOMPLEKS PERUDA BARU,@JALAN SULTAN BADLISHAH,@ALOR SETAR@K@5000
774700@D@GEO SENSE SDN. BHD.@24/5/2007@S@ARAS B-01, WISMA YPJ HOLDINGS@NO. 5, JALAN SRI PERKASA 1/3@TAMAN TAMPOI UTAMA@JOHOR BAHRU@J@81200
775686@P@TIME TEMASEK SDN. BHD.@4/6/2007@S@NO. 34A, 1ST FLOOR@JALAN RUGBI 13/30@SEKSYEN 13@SHAH ALAM@B@40100
777617@M@TERAS ERAMAJU SDN. BHD.@19/6/2007@S@NO. 3, 1ST FLOOR, LOT 82, PHASE 2,@SEDCO INDUSTRIAL ESTATE, JALAN@KILANG KOLOMBONG, 5.5 MILES, INANAM,@KOTA KINABALU@S@88450
778335@X@MAJOR TRANSGLOBAL SDN. BHD.@25/6/2007@S@NO.11, JALAN WANGSA 5@TAMAN WANGSA UKAY@NULL@AMPANG@B@68000
781498@D@GLOBAL MESRA HOLDINGS SDN. BHD.@19/7/2007@S@NO 38-1 PERSIARAN 65C@PEKELILING BUSINESS CENTRE@JALAN PAHANG BARAT@KUALA LUMPUR@W@53000
781884@K@HURRICANE GEO INSPECTION SURVEY SDN. BHD.@20/7/2007@S@LEVEL 33A, MENARA 1MK@KOMPLEKS 1 MONT' KIARA@NO. 1, JALAN KIARA, MONT' KIARA@KUALA LUMPUR@W@50480
783663@T@SOLARTIF SDN. BHD.@6/8/2007@S@1526-E, JALAN IBRAHIM@BUKIT BESAR@NULL@KUALA TERENGGANU@T@21100
784351@U@RB SOLUTIONS SDN. BHD.@13/8/2007@S@A-0-3 SETIAWWANGSA BUSINESS SUITE@JALAN SETIAWANGSA 11@TAMAN SETIAWANGSA@KUALA LUMPUR@W@54200
790800@U@OFFICE AT WORK SDN. BHD.@4/10/2007@S@NO.171, TINGKAT 1@JALAN ZAABA@NULL@SEREMBAN@N@70100
793613@X@MAXWELL PORTFOLIO SDN. BHD.@30/10/2007@S@NO. 46-A, JALAN ARA 1@TAMAN RINTING@NULL@MASAI@J@81750
796289@D@MAJOR FAREAST SDN. BHD.@19/11/2007@S@LOT 1580, KM JALAN KUANTAN-KUALA TERENGGANU@KAWASAN BUKIT TENGAH@KERTEH@KEMAMAN@T@24300
796402@W@AGENSI PEKERJAAN CAREERXCELL SDN. BHD.@20/11/2007@S@SUITE 2302, 23RD FLOOR@WISMA TUN SAMBANTHAN@2, JALAN SULTAN SULAIMAN@KUALA LUMPUR@W@50000
800090@T@ACE FRONT INDUSTRIES SDN. BHD.@19/12/2007@S@14A, JALAN LAPANGAN TERBANG@OFF JALAN RAJA DR. NAZRIN SHAH@NULL@IPOH@A@31350
805677@X@PRIMELUBE PETROCHEMICALS (M) SDN. BHD.@5/2/2008@S@NO 48-2, JALAN KOMERSIL SENAWANG 7@TAMAN KOMERSIL SENAWANG@NULL@SEREMBAN@N@70450
808739@X@AL JANNAH BIOTECH SDN. BHD.@5/3/2008@S@NO. 49 & 49A, JALAN UNDAN 15@TAMAN PERLING@NULL@JOHOR BAHRU@J@81200
813350@V@REDWIN ORCHARD SDN. BHD.@11/4/2008@S@UNIT NO. 2.23, 2ND FLOOR@ASIA CITY COMPLEX@JALAN ASIA CITY, ASIA CITY@KOTA KINABALU@S@88000
815815@P@PERMODALAN A.A.S SDN. BHD.@30/4/2008@S@240A, JALAN BANDAR 13@PUSAT BANDAR MELAWATI@NULL@KUALA LUMPUR@W@53100
816400@A@ZHR GLOBAL SDN. BHD.@6/5/2008@S@NO. 34-3 PERSIARAN 65C@PEKELILING BUSINES CENTRE@OFF JALAN PAHANG BARAT@KUALA LUMPUR@W@53000
818318@K@CITANIX SDN. BHD.@20/5/2008@S@NO.8-1F, JALAN BOLING PADANG G 13/G@SEKSYEN 13@NULL@SHAH ALAM@B@40100
818540@M@BLACKGOLD OIL & GAS SDN. BHD.@22/5/2008@S@13B, JALAN SG 3/4@PUSAT BANDAR SRI GOMBAK@NULL@BATU CAVES@B@68100
819924@U@FIRM SYNERGY SDN. BHD.@2/6/2008@S@LOT 16-3, 3RD FLOOR,@BLOCK E, LINTAS SQUARE,@JALAN LINTAS,@KOTA KINABALU@S@88300
820206@P@ACIS TECHNOLOGY SDN. BHD.@4/6/2008@S@NO. 31-1, JALAN BU 5@TAMAN BACANG UTAMA@NULL@MELAKA@M@75350
821142@V@LANTANA SERVICES SDN. BHD.@11/6/2008@S@LOT 212, SUBLOT 150, 1ST FLOOR@LUCKY CENTRE@MIRI/BINTULU ROAD@BINTULU@E@97000
825160@V@BERMUDA SUBSEA (M) SDN. BHD.@14/7/2008@S@NO.21B, ROOM 2@JALAN USJ 10/1C@NULL@UEP SUBANG JAYA@B@47620
825990@M@PROTECTION RIGGING ACCESS SERVICES SDN. BHD.@18/7/2008@S@18-5,JALAN 3/146@BANDAR TASIK SELATAN@NULL@KUALA LUMPUR@W@57000
830116@V@HELLEGERSWISH SDN. BHD.@20/8/2008@S@1ST FLOOR LOT 283@JALAN HAJI TAHA@NULL@KUCHING@E@93400
833609@W@GEOMATIKA EDUGROUP SDN. BHD.@23/9/2008@S@LOT 5-5-7, TINGKAT 5@PRIMA PENINSULAR, JALAN SETIAWANGSA 11@TAMAN SETIAWANGSA@KUALA LUMPUR@W@54200
838817@A@PLOMO SDN. BHD.@17/11/2008@S@18-D, TINGKAT 2, JALAN 6/6@TAMAN KOMERSIAL PANDAN INDAH@NULL@KUALA LUMPUR@W@55100
839420@A@CRUISE GPS SYSTEMS SDN. BHD.@21/11/2008@S@SUITE 4.33A, LEVEL 4@PERTAMA OFFICE TOWER, PERTAMA COMPLEX@JALAN TUANKU ABDUL RAHMAN@KUALA LUMPUR@W@50100
840516@V@JURUTERA AZAN BERSEKUTU SDN. BHD.@3/12/2008@S@C56, LEVEL 1-4@TAMAN SRI SARAWAK MALL@JALAN PADUNGAN@KUCHING@E@93100
842187@P@ZEST VENTURE SDN BHD@22/12/2008@S@A 133-1A@LORONG TUN ISMAIL 6@SRI DAGANGAN@KUANTAN@C@25000
842993@V@HADIYAWA (M) SDN. BHD.@2/1/2009@S@LOT TF-1, KOMPLEKS KILANG SME BANK KUANTAN@JALAN GEBENG 1/2@KAWASAN PERINDUSTRIAN GEBENG 2@KUANTAN@C@26080
845314@D@ANTAH JUTA SDN. BHD.@23/1/2009@S@SUITE NO. 6, 10TH FLOOR,@MENARA JUBILI,@NO. 53, JALAN GAYA,@KOTA KINABALU@S@88000
847172@K@FARMASI FAJR SDN. BHD.@18/2/2009@S@1394-A, KAMPUNG MASJID HAJI KADIR@PASIR PANJANG@NULL@KUALA TERENGGANU@T@21100
848057@T@HATAREKA PERUNDING SDN. BHD.@26/2/2009@S@LOT 11, NO. 5-2, 2ND FLOOR,@BLOCK B, DAMAI PLAZA PHASE 4,@NULL@KOTA KINABALU@S@88300
849980@A@SMART FOOD VENTURE NETWORKING SDN. BHD.@16/3/2009@S@NO.86(A-1), PUSAT PERDAGANGAN MANJUNG@JALAN LUMUT@NULL@SERI MANJUNG@A@32040
851758@D@AL-HABSHEE (M) SDN. BHD.@31/3/2009@S@BOX #641, LOT 7.28E@7TH FLOOR, WISMA CENTRAL@JALAN AMPANG@KUALA LUMPUR@W@50450
853970@H@TITANIA ONE SDN. BHD.@17/4/2009@S@NO.15B,TINGKAT 2@JALAN TENGKU AMPUAN ZABEDAH F9/F@SEKSYEN 9@SHAH ALAM@B@40100
856925@U@PRIMA BERINGIN SDN. BHD.@14/5/2009@S@NO 23A, JALAN PEMBANGUNAN OFF JALAN TAMPOI@TMN DESA RAHMAT@NULL@JOHOR BAHRU@J@81200
857473@W@ESKAYVIE SDN. BHD.@19/5/2009@S@2767-C,JALAN CHANGKAT PERMATA@TAMAN PERMATA@NULL@KUALA LUMPUR@W@53300
864792@T@GATES IT SOLUTION SDN. BHD.@16/7/2009@S@11-01, JALAN DATO' JAAFAR 1@LARKIN@NULL@JOHOR BAHRU@J@80350
867557@P@MARITIME INTELLIGENCE SDN. BHD.@7/8/2009@S@NO.23A, JALAN 4/11A@SEKSYEN 4 TAMBAHAN@NULL@BANDAR BARU BANGI@B@43650
872690@V@MYSKILL VOCATIONAL TRAINING SDN. BHD.@17/9/2009@S@NO. 1-2-1B, 2ND FLOOR,@BLOCK B, KOLAM CENTRE PHASE II,@JALAN LINTAS, LUYANG,@KOTA KINABALU@S@88300
875429@A@ULINK ASCOT SDN. BHD.@16/10/2009@S@2ND FLOOR, LOT 27, NO. 20-2,@BLOCK D, IRAMANIS CENTRE,@JALAN LINTAS,@KOTA KINABALU@S@88300
878410@U@ROSHAN JAAN SDN. BHD.@9/11/2009@S@NO. 6, TINGKAT ATAS@JALAN MUHIBBAH 1@TAMAN MUHIBBAH@TEMERLOH@C@28000
880018@M@AL PINE UTILITY SERVICES SDN. BHD.@20/11/2009@S@NO. 136A@JALAN DEDAP 13@TAMAN JOHOR JAYA@JOHOR BAHRU@J@81100
882479@H@STAN MANUFACTURING (M) SDN. BHD.@13/12/2009@S@PLOT 6516, LORONG AYAM DIDIK@KAWASAN PERINDUSTRIAN RINGAN@TAMAN RIA JAYA@SUNGAI PETANI@K@8000
883913@W@VI ACADEMY SDN. BHD.@28/12/2009@S@LOT 69B,TINGKAT 2-1@JALAN RAJA ALANG@KAMPUNG BARU@KUALA LUMPUR@W@50300
885971@K@M7 RACING SDN. BHD.@13/1/2010@S@23A, JALAN PEMBANGUNAN@OFF JALAN TAMPOI@TAMAN DESA RAHMAT@JOHOR BAHRU@J@81200
888568@P@PEARL HAYA SDN. BHD.@2/2/2010@S@E-7-3 (7TH FLOOR), BLOCK E@MEGAN AVENUE 1@NO. 189 JALAN TUN RAZAK@KUALA LUMPUR@W@50400
897154@D@AZKA HARDWARE & TRADING SDN. BHD.@2/4/2010@S@NO. 23A, JALAN 4/11A@SEKSYEN 4 TAMBAHAN@NULL@BANDAR BARU BANGI@B@43650
903048@D@EDARAN VITACAT SENDIRIAN BERHAD@2/6/2010@S@NO. 1559, 2ND FLOOR@JALAN KOTA, P. O. BOX 106@NULL@ALOR SETAR@K@5710
905802@U@HAZ POLARIS GROUP SDN. BHD.@25/6/2010@S@S-07 PODIUM 1@MENARA ANSAR@NO. 65, JALAN TRUS@JOHOR BAHRU@J@80000
915911@U@NUVIS SABAH TRAINING & CONSULTANCY SDN. BHD.@27/9/2010@S@UNIT 3.24 3RD FLOOR@KOMPLEKS ASIA CITY@JALAN ASIA CITY@KOTA KINABALU@S@88000
917504@P@QASTURIE OFFSHORE ENGINEERING SDN. BHD.@10/10/2010@S@LOT 2550,@1ST FLOOR,@BULATAN COMMERCIAL CENTRE PIASAU JAYA,@MIRI@E@98000
924189@A@EASY CLEAN & SERVICES (M) SDN. BHD.@3/12/2010@S@NO. 46-02@SUSUR LARKIN PERDANA 2@LARKIN PERDANA@JOHOR BAHRU@J@80350
928756@V@BZBEE CONSULT SDN. BHD.@6/1/2011@S@C-GR-2 (SUITE 1) GROUND FLOOR@BLOCK C, MENARA UNCANG EMAS@85 JALAN LOKE YEW@KUALA LUMPUR@W@55200
1117793@D@CITY SIGN SUPPLIER SDN. BHD.@13/11/2014@S@NO. 18 & 19, JALAN SETIA JAYA@TAMAN SETIA JAYA@NULL@BATU PAHAT@J@83000
